,id,conversation_id,created_at,date,timezone,place,tweet,language,hashtags,cashtags,user_id,user_id_str,username,name,day,hour,link,urls,photos,video,thumbnail,retweet,nlikes,nreplies,nretweets,quote_url,search,near,geo,source,user_rt_id,user_rt,retweet_id,reply_to,retweet_date,translate,trans_src,trans_dest,player,season,tweet_username,media_type
0,56373468802990080,56373468802990080,1302275456000.0,2011-04-08 15:10:56,+0000,,"""After Thursday, it's time to face reality. This is Derrick Rose's MVP award whether you like it or not."" -  http://bit.ly/48MinuteHighlight",en,[],[],14885860.0,14885860,CBSSports,CBS Sports,5.0,15,https://twitter.com/CBSSports/status/56373468802990080,[],[],0.0,,False,0.0,0.0,1.0,,Derrick Rose,,,,,,,[],,,,,Derrick Rose,2010-2011,CBSSports,outlet
1,56033062072500224,56033062072500224,1302194297000.0,2011-04-07 16:38:17,+0000,,"Kevin Durant: ""Of course"" Derrick Rose is MVP -  http://bit.ly/KDRose",en,[],[],14885860.0,14885860,CBSSports,CBS Sports,4.0,16,https://twitter.com/CBSSports/status/56033062072500224,[],[],0.0,,False,1.0,0.0,4.0,,Derrick Rose,,,,,,,[],,,,,Derrick Rose,2010-2011,CBSSports,outlet
2,53232867517534209,53232867517534209,1301526679000.0,2011-03-30 23:11:19,+0000,,LeBron James endorses Derrick Rose for MVP -  http://bit.ly/DRoseLJames,en,[],[],14885860.0,14885860,CBSSports,CBS Sports,3.0,23,https://twitter.com/CBSSports/status/53232867517534209,[],[],0.0,,False,0.0,0.0,1.0,,Derrick Rose,,,,,,,[],,,,,Derrick Rose,2010-2011,CBSSports,outlet
3,50712768239779840,50712768239779840,1300925840000.0,2011-03-24 00:17:20,+0000,,"Stan Van Gundy on Derrick Rose's MVP chances: ""I'd be shocked if he doesn't win it."" Story by @KBerg_CBS:  http://bit.ly/SVGonMVP",en,[],[],14885860.0,14885860,CBSSports,CBS Sports,4.0,00,https://twitter.com/CBSSports/status/50712768239779840,[],[],0.0,,False,1.0,0.0,2.0,,Derrick Rose,,,,,,,[],,,,,Derrick Rose,2010-2011,CBSSports,outlet
4,50402506529976321,50402506529976321,1300851868000.0,2011-03-23 03:44:28,+0000,,"""Tonight was the type of game that had people saying, 'This is why Derrick Rose is the MVP.'"" - @CBSSportsNBA blog:  http://bit.ly/BullsRose",en,[],[],14885860.0,14885860,CBSSports,CBS Sports,3.0,03,https://twitter.com/CBSSports/status/50402506529976321,[],[],0.0,,False,0.0,0.0,6.0,,Derrick Rose,,,,,,,[],,,,,Derrick Rose,2010-2011,CBSSports,outlet
5,45883120813215744,45883120813215744,1299774363000.0,2011-03-10 16:26:03,+0000,,Five-time NBA MVP Michael Jordan is a good authority on the award and he says this year's MVP should be Derrick Rose -  http://bit.ly/RoseMVP,en,[],[],14885860.0,14885860,CBSSports,CBS Sports,4.0,16,https://twitter.com/CBSSports/status/45883120813215744,[],[],0.0,,False,1.0,0.0,5.0,,Derrick Rose,,,,,,,[],,,,,Derrick Rose,2010-2011,CBSSports,outlet
6,45214635032444928,45214635032444928,1299614983000.0,2011-03-08 20:09:43,+0000,,"""I'm ready to leap headfirst onto the Derrick Rose-for-MVP bandwagon."" - @KBerg_CBS. Our @NBA Quarterly Report:  http://bit.ly/3rdQtrNBA",en,[],[],14885860.0,14885860,CBSSports,CBS Sports,2.0,20,https://twitter.com/CBSSports/status/45214635032444928,[],[],0.0,,False,0.0,0.0,3.0,,Derrick Rose,,,,,,,[],,,,,Derrick Rose,2010-2011,CBSSports,outlet
7,44495148712853504,44495148712853504,1299443444000.0,2011-03-06 20:30:44,+0000,,"Derrick Rose and the Bulls hold off the Heat, win 87-86  http://bit.ly/BullsHeat",en,[],[],14885860.0,14885860,CBSSports,CBS Sports,7.0,20,https://twitter.com/CBSSports/status/44495148712853504,[],[],0.0,,False,0.0,0.0,5.0,,Derrick Rose,,,,,,,[],,,,,Derrick Rose,2010-2011,CBSSports,outlet
8,38441995114385408,38441995114385408,1298000260000.0,2011-02-18 03:37:40,+0000,,Derrick Rose scores career-high 42 in Bulls’ 109-99 win over league-leading Spurs:  http://bit.ly/CHISAS,en,[],[],14885860.0,14885860,CBSSports,CBS Sports,5.0,03,https://twitter.com/CBSSports/status/38441995114385408,[],[],0.0,,False,0.0,0.0,8.0,,Derrick Rose,,,,,,,[],,,,,Derrick Rose,2010-2011,CBSSports,outlet
9,35737913404690432,35737913404690432,1297355557000.0,2011-02-10 16:32:37,+0000,,The best breakdown of Derrick Rose you're going to see: Here's why he's a much more dangerous player this year -  http://bit.ly/RoseNBA,en,[],[],14885860.0,14885860,CBSSports,CBS Sports,4.0,16,https://twitter.com/CBSSports/status/35737913404690432,[],[],0.0,,False,0.0,0.0,2.0,,Derrick Rose,,,,,,,[],,,,,Derrick Rose,2010-2011,CBSSports,outlet
10,30753088570654720,30753088570654720,1296167082000.0,2011-01-27 22:24:42,+0000,,Derrick Rose suffers from stomach ulcers -  http://bit.ly/RoseStomach,en,[],[],14885860.0,14885860,CBSSports,CBS Sports,4.0,22,https://twitter.com/CBSSports/status/30753088570654720,[],[],0.0,,False,0.0,0.0,1.0,,Derrick Rose,,,,,,,[],,,,,Derrick Rose,2010-2011,CBSSports,outlet
11,27102422715338752,27102422715338752,1295296695000.0,2011-01-17 20:38:15,+0000,,NBA Scores: Derrick Rose's triple-double leads Chicago past Memphis  http://bit.ly/f1kSaJ Amar'e scores 41 in NY's loss  http://bit.ly/gLpbQY,en,[],[],14885860.0,14885860,CBSSports,CBS Sports,1.0,20,https://twitter.com/CBSSports/status/27102422715338752,[],[],0.0,,False,0.0,0.0,2.0,,Derrick Rose,,,,,,,[],,,,,Derrick Rose,2010-2011,CBSSports,outlet
12,25623208367489024,25623208367489024,1294944023000.0,2011-01-13 18:40:23,+0000,,Derrick Rose and Amar'e Stoudemire move up in the All-Star voting -  http://bit.ly/AllStarVoting,en,[],[],14885860.0,14885860,CBSSports,CBS Sports,4.0,18,https://twitter.com/CBSSports/status/25623208367489024,[],[],0.0,,False,0.0,0.0,1.0,,Derrick Rose,,,,,,,[],,,,,Derrick Rose,2010-2011,CBSSports,outlet
13,24867151647088640,24867151647088640,1294763765000.0,2011-01-11 16:36:05,+0000,,Today's @CBSSportsNBA Game Changer includes a Derrick Rose dunk you HAVE to see -  http://bit.ly/DerrickRosedunk,en,[],[],14885860.0,14885860,CBSSports,CBS Sports,2.0,16,https://twitter.com/CBSSports/status/24867151647088640,[],[],0.0,,False,0.0,0.0,0.0,,Derrick Rose,,,,,,,[],,,,,Derrick Rose,2010-2011,CBSSports,outlet
14,4750712739205120,4750712739205120,1289967632000.0,2010-11-17 04:20:32,+0000,,"Derrick Rose's 17-point fourth quarter leads Bulls to fourth straight victory, 95-92 at Houston:  http://bit.ly/dh1SAb",en,[],[],14885860.0,14885860,CBSSports,CBS Sports,3.0,04,https://twitter.com/CBSSports/status/4750712739205120,[],[],0.0,,False,0.0,0.0,0.0,,Derrick Rose,,,,,,,[],,,,,Derrick Rose,2010-2011,CBSSports,outlet
15,27745513756,27745513756,1287416104000.0,2010-10-18 15:35:04,+0000,,Chicago Bulls guard Derrick Rose: Why can't I be MVP of the league?  http://bit.ly/bHHCTV,en,[],[],14885860.0,14885860,CBSSports,CBS Sports,1.0,15,https://twitter.com/CBSSports/status/27745513756,[],[],0.0,,False,0.0,0.0,0.0,,Derrick Rose,,,,,,,[],,,,,Derrick Rose,2010-2011,CBSSports,outlet
0,57623959197319169,57623959197319169,1302573597000.0,2011-04-12 01:59:57,+0000,,You will no doubt see this dunk on @DwightHoward's next poster-&gt;  http://bit.ly/hoabm9,en,[],[],2557521.0,2557521,espn,ESPN,2.0,01,https://twitter.com/espn/status/57623959197319169,[],[],0.0,,False,24.0,0.0,72.0,,Dwight Howard,,,,,,,[],,,,,Dwight Howard,2010-2011,espn,outlet
1,44933467926048768,44933467926048768,1299547948000.0,2011-03-08 01:32:28,+0000,,Orlando Magic coach Stan Van Gundy defends Dwight Howard on technicals suspension -  http://es.pn/gwOC1f,en,[],[],2557521.0,2557521,espn,ESPN,2.0,01,https://twitter.com/espn/status/44933467926048768,[],[],0.0,,False,3.0,0.0,27.0,,Dwight Howard,,,,,,,[],,,,,Dwight Howard,2010-2011,espn,outlet
2,44160373468835840,44160373468835840,1299363628000.0,2011-03-05 22:20:28,+0000,,Dwight Howard of Orlando Magic to serve technical suspension Monday -  http://es.pn/gatgQv,en,[],[],2557521.0,2557521,espn,ESPN,6.0,22,https://twitter.com/espn/status/44160373468835840,[],[],0.0,,False,8.0,0.0,47.0,,Dwight Howard,,,,,,,[],,,,,Dwight Howard,2010-2011,espn,outlet
3,35073530488045568,35073530488045568,1297197155000.0,2011-02-08 20:32:35,+0000,,Dwight Howard of Orlando Magic anoyed by contract talk -  http://es.pn/hciUzE,en,[],[],2557521.0,2557521,espn,ESPN,2.0,20,https://twitter.com/espn/status/35073530488045568,[],[],0.0,,False,3.0,0.0,31.0,,Dwight Howard,,,,,,,[],,,,,Dwight Howard,2010-2011,espn,outlet
4,33364268703428608,33364268703428608,1296789636000.0,2011-02-04 03:20:36,+0000,,Dwyane Wade leaves game after hard foul from Dwight Howard -  http://es.pn/f42NAL,en,[],[],2557521.0,2557521,espn,ESPN,5.0,03,https://twitter.com/espn/status/33364268703428608,[],[],0.0,,False,4.0,0.0,33.0,,Dwight Howard,,,,,,,[],,,,,Dwight Howard,2010-2011,espn,outlet
5,21326965579448320,21326965579448320,1293919719000.0,2011-01-01 22:08:39,+0000,,Stan Van Gundy of Orlando Magic fined $35K for saying officials targeting Dwight Howard -  http://es.pn/ffU4fh,en,[],[],2557521.0,2557521,espn,ESPN,6.0,22,https://twitter.com/espn/status/21326965579448320,[],[],0.0,,False,8.0,0.0,47.0,,Dwight Howard,,,,,,,[],,,,,Dwight Howard,2010-2011,espn,outlet
6,25803715537,25803715537,1285694076000.0,2010-09-28 17:14:36,+0000,,Orlando Magic plan to offer Dwight Howard contract extension this summer -  http://es.pn/d6Ril0,en,[],[],2557521.0,2557521,espn,ESPN,2.0,17,https://twitter.com/espn/status/25803715537,[],[],0.0,,False,3.0,0.0,30.0,,Dwight Howard,,,,,,,[],,,,,Dwight Howard,2010-2011,espn,outlet
0,43476957844881408,43476957844881408,1299200689000.0,2011-03-04 01:04:49,+0000,,This guy is the most underrated player in the NBA – Charles Barkley on Dwight Howard #nbaontnt,en,['nbaontnt'],[],74182706.0,74182706,TurnerSportsPR,TurnerSportsPR,5.0,01,https://twitter.com/TurnerSportsPR/status/43476957844881408,[],[],0.0,,False,1.0,0.0,0.0,,Dwight Howard,,,,,,,[],,,,,Dwight Howard,2010-2011,TurnerSportsPR,outlet
1,39163850456711168,39163850456711168,1298172364000.0,2011-02-20 03:26:04,+0000,,"""If he does what I think he is about to do that is going to be impressive"" Dwight Howard on Javale Mcgee",en,[],[],74182706.0,74182706,TurnerSportsPR,TurnerSportsPR,7.0,03,https://twitter.com/TurnerSportsPR/status/39163850456711168,[],[],0.0,,False,0.0,0.0,0.0,,Dwight Howard,,,,,,,[],,,,,Dwight Howard,2010-2011,TurnerSportsPR,outlet
2,39147996780314624,39147996780314624,1298168584000.0,2011-02-20 02:23:04,+0000,,Dwight Howard and Dominique Wilkins...wonder what they are talking about? #AllStar  http://twitpic.com/41nu7q,en,['allstar'],[],74182706.0,74182706,TurnerSportsPR,TurnerSportsPR,7.0,02,https://twitter.com/TurnerSportsPR/status/39147996780314624,[],[],0.0,,False,0.0,0.0,0.0,,Dwight Howard,,,,,,,[],,,,,Dwight Howard,2010-2011,TurnerSportsPR,outlet
3,35818068403814400,35818068403814400,1297374667000.0,2011-02-10 21:51:07,+0000,,VIDEO CLIP: Dwight Howard offers dunk contest advice to Blake Griffin & hints at a return to the competition  http://bit.ly/evQv0w #AllStar,en,['allstar'],[],74182706.0,74182706,TurnerSportsPR,TurnerSportsPR,4.0,21,https://twitter.com/TurnerSportsPR/status/35818068403814400,[],[],0.0,,False,1.0,0.0,5.0,,Dwight Howard,,,,,,,[],,,,,Dwight Howard,2010-2011,TurnerSportsPR,outlet
4,33343550821244929,33343550821244929,1296784696000.0,2011-02-04 01:58:16,+0000,,"That boy is scary ya'll. If he gets ready by playoffs, he'll be real scary"" Charles on Dwight Howard #greenroomconversation",en,['greenroomconversation'],[],74182706.0,74182706,TurnerSportsPR,TurnerSportsPR,5.0,01,https://twitter.com/TurnerSportsPR/status/33343550821244929,[],[],0.0,,False,0.0,0.0,0.0,,Dwight Howard,,,,,,,[],,,,,Dwight Howard,2010-2011,TurnerSportsPR,outlet
5,30779004554321921,30779004554321921,1296173261000.0,2011-01-28 00:07:41,+0000,,"RT @NBA: It's official.. #AllStar #Starters for the East: Derrick Rose, Dwyane Wade, LeBron James, Amar'e Stoudemire, Dwight Howard",en,"['allstar', 'starters']",[],74182706.0,74182706,TurnerSportsPR,TurnerSportsPR,5.0,00,https://twitter.com/TurnerSportsPR/status/30779004554321921,[],[],0.0,,False,0.0,0.0,0.0,,Dwight Howard,,,,,,,[],,,,,Dwight Howard,2010-2011,TurnerSportsPR,outlet
6,30778352495230976,30778352495230976,1296173105000.0,2011-01-28 00:05:05,+0000,,"The All-Star East Starters: DWade, DRose, Dwight Howard,  LeBron James,  Amar'e Stoudemire #nbaontnt #All-Star '11",en,"['nbaontnt', 'all']",[],74182706.0,74182706,TurnerSportsPR,TurnerSportsPR,5.0,00,https://twitter.com/TurnerSportsPR/status/30778352495230976,[],[],0.0,,False,0.0,0.0,2.0,,Dwight Howard,,,,,,,[],,,,,Dwight Howard,2010-2011,TurnerSportsPR,outlet
7,22429320714657792,22429320714657792,1294182541000.0,2011-01-04 23:09:01,+0000,,VIDEO CLIP: Dwight Howard on his new teammates and the current winning streak of the Magic  http://on.nba.com/e1Uax1,en,[],[],74182706.0,74182706,TurnerSportsPR,TurnerSportsPR,2.0,23,https://twitter.com/TurnerSportsPR/status/22429320714657792,[],[],0.0,,False,0.0,0.0,0.0,,Dwight Howard,,,,,,,[],,,,,Dwight Howard,2010-2011,TurnerSportsPR,outlet
8,5345212092125184,5345212092125184,1290109372000.0,2010-11-18 19:42:52,+0000,,RT @NBA: Who knows @DwightHoward best? The Suns will get to know him tonite as they play the Magic on TNT at 8pm/et #nbaontnt #nbaontnt,en,"['nbaontnt', 'nbaontnt']",[],74182706.0,74182706,TurnerSportsPR,TurnerSportsPR,4.0,19,https://twitter.com/TurnerSportsPR/status/5345212092125184,[],[],0.0,,False,0.0,0.0,0.0,,Dwight Howard,,,,,,,[],,,,,Dwight Howard,2010-2011,TurnerSportsPR,outlet
0,57814136477855744,57814136477855744,1302618938000.0,2011-04-12 14:35:38,+0000,,"Video: Following monstrous dunk, Dwight Howard holds a ""moment of silence"" for his victim -  http://bit.ly/DHMoment",en,[],[],14885860.0,14885860,CBSSports,CBS Sports,2.0,14,https://twitter.com/CBSSports/status/57814136477855744,[],[],0.0,,False,0.0,0.0,2.0,,Dwight Howard,,,,,,,[],,,,,Dwight Howard,2010-2011,CBSSports,outlet
1,55793216028545024,55793216028545024,1302137113000.0,2011-04-07 00:45:13,+0000,,"Dwight Howard draws 18th technical foul, set for suspension -  http://bit.ly/howardT",en,[],[],14885860.0,14885860,CBSSports,CBS Sports,4.0,00,https://twitter.com/CBSSports/status/55793216028545024,[],[],0.0,,False,0.0,0.0,2.0,,Dwight Howard,,,,,,,[],,,,,Dwight Howard,2010-2011,CBSSports,outlet
2,50605427691491329,50605427691491329,1300900248000.0,2011-03-23 17:10:48,+0000,,Kareem Abdul-Jabbar wants to show Dwight Howard a thing or two on the basketball court -  http://bit.ly/KareemDH,en,[],[],14885860.0,14885860,CBSSports,CBS Sports,3.0,17,https://twitter.com/CBSSports/status/50605427691491329,[],[],0.0,,False,0.0,0.0,2.0,,Dwight Howard,,,,,,,[],,,,,Dwight Howard,2010-2011,CBSSports,outlet
3,44156349164158976,44156349164158976,1299362668000.0,2011-03-05 22:04:28,+0000,,Dwight Howard suspended one game for 16th technical foul -  http://bit.ly/HowardTech,en,[],[],14885860.0,14885860,CBSSports,CBS Sports,6.0,22,https://twitter.com/CBSSports/status/44156349164158976,[],[],0.0,,False,0.0,0.0,1.0,,Dwight Howard,,,,,,,[],,,,,Dwight Howard,2010-2011,CBSSports,outlet
4,42798837131255808,42798837131255808,1299039012000.0,2011-03-02 04:10:12,+0000,,"Dwight Howard (30 pts, 16 rebs) helps Magic rally in second half to beat Knicks -  http://bit.ly/ORLny",en,[],[],14885860.0,14885860,CBSSports,CBS Sports,3.0,04,https://twitter.com/CBSSports/status/42798837131255808,[],[],0.0,,False,0.0,0.0,0.0,,Dwight Howard,,,,,,,[],,,,,Dwight Howard,2010-2011,CBSSports,outlet
5,40830527732711424,40830527732711424,1298569731000.0,2011-02-24 17:48:51,+0000,,Dwight Howard: Mad at his teammates -  http://bit.ly/HowardMad,en,[],[],14885860.0,14885860,CBSSports,CBS Sports,4.0,17,https://twitter.com/CBSSports/status/40830527732711424,[],[],0.0,,False,0.0,0.0,3.0,,Dwight Howard,,,,,,,[],,,,,Dwight Howard,2010-2011,CBSSports,outlet
6,33587590493896704,33587590493896704,1296842880000.0,2011-02-04 18:08:00,+0000,,RT @CBSSportsNBA: Dwight Howard mocked LeBron pretty extensively before last night's game. That worked out well.  http://bit.ly/HowardLBJ,en,[],[],14885860.0,14885860,CBSSports,CBS Sports,5.0,18,https://twitter.com/CBSSports/status/33587590493896704,[],[],0.0,,False,0.0,0.0,1.0,,Dwight Howard,,,,,,,[],,,,,Dwight Howard,2010-2011,CBSSports,outlet
7,30783595928883200,30783595928883200,1296174355000.0,2011-01-28 00:25:55,+0000,,"Kobe Bryant, Dwight Howard headline NBA All-Star starters - our @CBSSportsNBA bloggers break down who got snubbed:  http://bit.ly/ASGstarters",en,[],[],14885860.0,14885860,CBSSports,CBS Sports,5.0,00,https://twitter.com/CBSSports/status/30783595928883200,[],[],0.0,,False,1.0,0.0,4.0,,Dwight Howard,,,,,,,[],,,,,Dwight Howard,2010-2011,CBSSports,outlet
8,23207946162802688,23207946162802688,1294368180000.0,2011-01-07 02:43:00,+0000,,Stan Van Gundy thinks Hakeem Olajuwon gets too much credit for Dwight Howard's improved jumper - @CBSSportsNBA blog:  http://bit.ly/SVGHoward,en,[],[],14885860.0,14885860,CBSSports,CBS Sports,5.0,02,https://twitter.com/CBSSports/status/23207946162802688,[],[],0.0,,False,0.0,0.0,0.0,,Dwight Howard,,,,,,,[],,,,,Dwight Howard,2010-2011,CBSSports,outlet
9,21328907156324352,21328907156324352,1293920182000.0,2011-01-01 22:16:22,+0000,,Dwight Howard has a New Year's resolution: no more technical fouls -  http://bit.ly/g5tvxz,en,[],[],14885860.0,14885860,CBSSports,CBS Sports,6.0,22,https://twitter.com/CBSSports/status/21328907156324352,[],[],0.0,,False,0.0,0.0,0.0,,Dwight Howard,,,,,,,[],,,,,Dwight Howard,2010-2011,CBSSports,outlet
10,20686208245956608,20686208245956608,1293766951000.0,2010-12-31 03:42:31,+0000,,Dwight Howard's big night propels Magic to fifth straight win:  http://bit.ly/hEMQcv,en,[],[],14885860.0,14885860,CBSSports,CBS Sports,5.0,03,https://twitter.com/CBSSports/status/20686208245956608,[],[],0.0,,False,0.0,0.0,0.0,,Dwight Howard,,,,,,,[],,,,,Dwight Howard,2010-2011,CBSSports,outlet
11,20552781559500800,20552781559500800,1293735139000.0,2010-12-30 18:52:19,+0000,,Kobe Bryant and @DwightHoward top the All-Star voting -  http://bit.ly/eyamwu,en,[],[],14885860.0,14885860,CBSSports,CBS Sports,4.0,18,https://twitter.com/CBSSports/status/20552781559500800,[],[],0.0,,False,0.0,0.0,2.0,,Dwight Howard,,,,,,,[],,,,,Dwight Howard,2010-2011,CBSSports,outlet
12,20155724956958720,20155724956958720,1293640473000.0,2010-12-29 16:34:33,+0000,,"In Cleveland, @DwightHoward mocks the LeBron James chalk toss -  http://bit.ly/Howardchalk",en,[],[],14885860.0,14885860,CBSSports,CBS Sports,3.0,16,https://twitter.com/CBSSports/status/20155724956958720,[],[],0.0,,False,0.0,0.0,0.0,,Dwight Howard,,,,,,,[],,,,,Dwight Howard,2010-2011,CBSSports,outlet
13,18780753563230208,18780753563230208,1293312655000.0,2010-12-25 21:30:55,+0000,,Watch Dwight Howard's 10-second technical foul  http://bit.ly/bXvzWl,en,[],[],14885860.0,14885860,CBSSports,CBS Sports,6.0,21,https://twitter.com/CBSSports/status/18780753563230208,[],[],0.0,,False,0.0,0.0,1.0,,Dwight Howard,,,,,,,[],,,,,Dwight Howard,2010-2011,CBSSports,outlet
14,15179319722643456,15179319722643456,1292454006000.0,2010-12-15 23:00:06,+0000,,Dwight Howard admits he isn't Superman -  http://bit.ly/i7E7uF,en,[],[],14885860.0,14885860,CBSSports,CBS Sports,3.0,23,https://twitter.com/CBSSports/status/15179319722643456,[],[],0.0,,False,0.0,0.0,1.0,,Dwight Howard,,,,,,,[],,,,,Dwight Howard,2010-2011,CBSSports,outlet
15,13092344509239297,13092344509239297,1291956432000.0,2010-12-10 04:47:12,+0000,,"Magic lead the Blazers 46-45 at halftime, and Dwight Howard already has 26 points: check in and follow along LIVE -  http://bit.ly/ifdsbI",en,[],[],14885860.0,14885860,CBSSports,CBS Sports,5.0,04,https://twitter.com/CBSSports/status/13092344509239297,[],[],0.0,,False,0.0,0.0,0.0,,Dwight Howard,,,,,,,[],,,,,Dwight Howard,2010-2011,CBSSports,outlet
16,9624427960475648,9624427960475648,1291129617000.0,2010-11-30 15:06:57,+0000,,"Today's NBA Shootaround tackles @KingJames, @DwightHoward, and @Garbage_Time All Stars -  http://bit.ly/eXGzJF",en,[],[],14885860.0,14885860,CBSSports,CBS Sports,2.0,15,https://twitter.com/CBSSports/status/9624427960475648,[],[],0.0,,False,0.0,0.0,0.0,,Dwight Howard,,,,,,,[],,,,,Dwight Howard,2010-2011,CBSSports,outlet
17,9361671990546432,9361671990546432,1291066971000.0,2010-11-29 21:42:51,+0000,,"The Orlando Magic are willing to trade anyone not named Dwight Howard (if it means landing Melo or CP3, that is):  http://bit.ly/e5szYh",en,[],[],14885860.0,14885860,CBSSports,CBS Sports,1.0,21,https://twitter.com/CBSSports/status/9361671990546432,[],[],0.0,,False,1.0,0.0,7.0,,Dwight Howard,,,,,,,[],,,,,Dwight Howard,2010-2011,CBSSports,outlet
18,29683883677,29683883677,1288890041000.0,2010-11-04 17:00:41,+0000,,"Dwight Howard commits to 2012 Olympics, kind of:  http://bit.ly/9CSuaZ #Magic #NBA #USABasketball",en,"['magic', 'nba', 'usabasketball']",[],14885860.0,14885860,CBSSports,CBS Sports,4.0,17,https://twitter.com/CBSSports/status/29683883677,[],[],0.0,,False,0.0,0.0,0.0,,Dwight Howard,,,,,,,[],,,,,Dwight Howard,2010-2011,CBSSports,outlet
19,25817505019,25817505019,1285705813000.0,2010-09-28 20:30:13,+0000,,RT @CBSSportsNBA: The Magic will do what it takes to re-sign Dwight Howard but will it be in their control?  http://bit.ly/b4ydtF #NBA #Magic,en,"['nba', 'magic']",[],14885860.0,14885860,CBSSports,CBS Sports,2.0,20,https://twitter.com/CBSSports/status/25817505019,[],[],0.0,,False,0.0,0.0,0.0,,Dwight Howard,,,,,,,[],,,,,Dwight Howard,2010-2011,CBSSports,outlet
0,10059955348447233,10059955348447233,1291233454000.0,2010-12-01 19:57:34,+0000,,Video: NBA star Dwight Howard mocks NFL QB Derek Anderson’s meltdown  http://ow.ly/3inrJ,en,[],[],7302282.0,7302282,YahooSports,Yahoo Sports,3.0,19,https://twitter.com/YahooSports/status/10059955348447233,[],[],0.0,,False,2.0,0.0,6.0,,Dwight Howard,,,,,,,[],,,,,Dwight Howard,2010-2011,YahooSports,outlet
0,57228678400180224,57228678400180224,1302479354000.0,2011-04-10 23:49:14,+0000,,Video: LeBron James throws ball at Jermaine O'Neal; scuffle ensues -  http://bit.ly/OnealBron,en,[],[],14885860.0,14885860,CBSSports,CBS Sports,7.0,23,https://twitter.com/CBSSports/status/57228678400180224,[],[],0.0,,False,0.0,0.0,2.0,,LeBron James,,,,,,,[],,,,,LeBron James,2010-2011,CBSSports,outlet
1,57204562167209984,57204562167209984,1302473605000.0,2011-04-10 22:13:25,+0000,,Miami defeats Boston in Eastern Conference showdown 100-77 behind 27 points from LeBron James -  http://bit.ly/MIABOS,en,[],[],14885860.0,14885860,CBSSports,CBS Sports,7.0,22,https://twitter.com/CBSSports/status/57204562167209984,[],[],0.0,,False,0.0,0.0,6.0,,LeBron James,,,,,,,[],,,,,LeBron James,2010-2011,CBSSports,outlet
2,56078339370258432,56078339370258432,1302205092000.0,2011-04-07 19:38:12,+0000,,Updated story on LeBron James' mom's arrest: A team executive was sent to pick her up from jail:  http://bit.ly/LeBronMom,en,[],[],14885860.0,14885860,CBSSports,CBS Sports,4.0,19,https://twitter.com/CBSSports/status/56078339370258432,[],[],0.0,,False,2.0,0.0,1.0,,LeBron James,,,,,,,[],,,,,LeBron James,2010-2011,CBSSports,outlet
3,55987128059961344,55987128059961344,1302183346000.0,2011-04-07 13:35:46,+0000,,Report: LeBron James' mom arrested in Miami -  http://bit.ly/LeBronMom,en,[],[],14885860.0,14885860,CBSSports,CBS Sports,4.0,13,https://twitter.com/CBSSports/status/55987128059961344,[],[],0.0,,False,0.0,0.0,17.0,,LeBron James,,,,,,,[],,,,,LeBron James,2010-2011,CBSSports,outlet
4,55731871086161920,55731871086161920,1302122488000.0,2011-04-06 20:41:28,+0000,,LeBron James now part owner of Liverpool FC -  http://bit.ly/LeBronSoccer,en,[],[],14885860.0,14885860,CBSSports,CBS Sports,3.0,20,https://twitter.com/CBSSports/status/55731871086161920,[],[],0.0,,False,0.0,0.0,8.0,,LeBron James,,,,,,,[],,,,,LeBron James,2010-2011,CBSSports,outlet
5,55656925177720834,55656925177720834,1302104619000.0,2011-04-06 15:43:39,+0000,,"The first episode of LeBron James' animated show about himself, featuring multiple versions of himself, debuts -  http://bit.ly/LeBronShow",en,[],[],14885860.0,14885860,CBSSports,CBS Sports,3.0,15,https://twitter.com/CBSSports/status/55656925177720834,[],[],0.0,,False,1.0,0.0,1.0,,LeBron James,,,,,,,[],,,,,LeBron James,2010-2011,CBSSports,outlet
6,53232867517534209,53232867517534209,1301526679000.0,2011-03-30 23:11:19,+0000,,LeBron James endorses Derrick Rose for MVP -  http://bit.ly/DRoseLJames,en,[],[],14885860.0,14885860,CBSSports,CBS Sports,3.0,23,https://twitter.com/CBSSports/status/53232867517534209,[],[],0.0,,False,0.0,0.0,1.0,,LeBron James,,,,,,,[],,,,,LeBron James,2010-2011,CBSSports,outlet
7,52908590125682690,52908590125682690,1301449365000.0,2011-03-30 01:42:45,+0000,,"Unhappy homecoming for @KingJames: Cavaliers take down Heat, 102-90 -  http://bit.ly/CAVSHeat",en,[],[],14885860.0,14885860,CBSSports,CBS Sports,3.0,01,https://twitter.com/CBSSports/status/52908590125682690,[],[],0.0,,False,0.0,0.0,9.0,,LeBron James,,,,,,,[],,,,,LeBron James,2010-2011,CBSSports,outlet
8,52880632078020608,52880632078020608,1301442699000.0,2011-03-29 23:51:39,+0000,,Here's one way to avoid being booed by the crowd: LeBron James skips lineup introductions in Cleveland -  http://bit.ly/LeBronHides,en,[],[],14885860.0,14885860,CBSSports,CBS Sports,2.0,23,https://twitter.com/CBSSports/status/52880632078020608,[],[],0.0,,False,1.0,0.0,1.0,,LeBron James,,,,,,,[],,,,,LeBron James,2010-2011,CBSSports,outlet
9,51469944805793792,51469944805793792,1301106365000.0,2011-03-26 02:26:05,+0000,,"Dwyane Wade, LeBron James combine for 71 points in 111-99 win over 76ers -  http://bit.ly/MIAPHI",en,[],[],14885860.0,14885860,CBSSports,CBS Sports,6.0,02,https://twitter.com/CBSSports/status/51469944805793792,[],[],0.0,,False,0.0,0.0,1.0,,LeBron James,,,,,,,[],,,,,LeBron James,2010-2011,CBSSports,outlet
10,50362287608958979,50362287608958979,1300842279000.0,2011-03-23 01:04:39,+0000,,As LeBron's World Turns: @KingJames does aerobics on The Ellen Show -  http://bit.ly/LBJEllen. (Insert your own punch line here?),en,[],[],14885860.0,14885860,CBSSports,CBS Sports,3.0,01,https://twitter.com/CBSSports/status/50362287608958979,[],[],0.0,,False,1.0,0.0,1.0,,LeBron James,,,,,,,[],,,,,LeBron James,2010-2011,CBSSports,outlet
11,48163737038884864,48163737038884864,1300318104000.0,2011-03-16 23:28:24,+0000,,LeBron James is a double-bracket kind-of-guy: He picks Duke AND Ohio State to win it all -  http://bit.ly/LeBronBrackets,en,[],[],14885860.0,14885860,CBSSports,CBS Sports,3.0,23,https://twitter.com/CBSSports/status/48163737038884864,[],[],0.0,,False,0.0,0.0,2.0,,LeBron James,,,,,,,[],,,,,LeBron James,2010-2011,CBSSports,outlet
12,47809385132589057,47809385132589057,1300233620000.0,2011-03-16 00:00:20,+0000,,Who does LeBron James think will win the NCAA tournament? -  http://bit.ly/LeBronPick #MarchMadness,en,['marchmadness'],[],14885860.0,14885860,CBSSports,CBS Sports,3.0,00,https://twitter.com/CBSSports/status/47809385132589057,[],[],0.0,,False,0.0,0.0,0.0,,LeBron James,,,,,,,[],,,,,LeBron James,2010-2011,CBSSports,outlet
13,45222390271180800,45222390271180800,1299616832000.0,2011-03-08 20:40:32,+0000,,Report: LeBron James sued by Atlanta nightclub -  http://bit.ly/LeBronSued,en,[],[],14885860.0,14885860,CBSSports,CBS Sports,2.0,20,https://twitter.com/CBSSports/status/45222390271180800,[],[],0.0,,False,0.0,0.0,10.0,,LeBron James,,,,,,,[],,,,,LeBron James,2010-2011,CBSSports,outlet
14,44851127400927233,44851127400927233,1299528316000.0,2011-03-07 20:05:16,+0000,,"Erik Spoelstra, LeBron James react to 'crygate' -  http://bit.ly/HeatCrying",en,[],[],14885860.0,14885860,CBSSports,CBS Sports,1.0,20,https://twitter.com/CBSSports/status/44851127400927233,[],[],0.0,,False,0.0,0.0,0.0,,LeBron James,,,,,,,[],,,,,LeBron James,2010-2011,CBSSports,outlet
15,44555530341064704,44555530341064704,1299457840000.0,2011-03-07 00:30:40,+0000,,"Why did the Heat lose? Dwyane Wade, LeBron James, and Chris Bosh explain why -  http://bit.ly/HeatExplanations",en,[],[],14885860.0,14885860,CBSSports,CBS Sports,1.0,00,https://twitter.com/CBSSports/status/44555530341064704,[],[],0.0,,False,0.0,0.0,7.0,,LeBron James,,,,,,,[],,,,,LeBron James,2010-2011,CBSSports,outlet
16,42321196242575360,42321196242575360,1298925134000.0,2011-02-28 20:32:14,+0000,,We're beginning to think @KingJames might have eyes in the back of his head after seeing this pass -  http://bit.ly/LeBronPass,en,[],[],14885860.0,14885860,CBSSports,CBS Sports,1.0,20,https://twitter.com/CBSSports/status/42321196242575360,[],[],0.0,,False,1.0,0.0,0.0,,LeBron James,,,,,,,[],,,,,LeBron James,2010-2011,CBSSports,outlet
17,39059619691106304,39059619691106304,1298147513000.0,2011-02-19 20:31:53,+0000,,"On Location: @KingJames, @CarmeloAnthony, and @OneandonlyCP3 speak with the media at NBA #AS11 -  http://twitpic.com/41k42h (via @kberg_cbs).",en,['as11'],[],14885860.0,14885860,CBSSports,CBS Sports,6.0,20,https://twitter.com/CBSSports/status/39059619691106304,[],[],0.0,,False,0.0,0.0,2.0,,LeBron James,,,,,,,[],,,,,LeBron James,2010-2011,CBSSports,outlet
18,37902311070244864,37902311070244864,1297871589000.0,2011-02-16 15:53:09,+0000,,Simply put: This is absurd. Dwyane Wade to LeBron James on a 90 foot alley-oop. Watch here:  http://bit.ly/WadetoBron,en,[],[],14885860.0,14885860,CBSSports,CBS Sports,3.0,15,https://twitter.com/CBSSports/status/37902311070244864,[],[],0.0,,False,0.0,0.0,3.0,,LeBron James,,,,,,,[],,,,,LeBron James,2010-2011,CBSSports,outlet
19,36566842885537792,36566842885537792,1297553189000.0,2011-02-12 23:26:29,+0000,,Video: LeBron James confronts his heckler -  http://bit.ly/LeBronHeckler,en,[],[],14885860.0,14885860,CBSSports,CBS Sports,6.0,23,https://twitter.com/CBSSports/status/36566842885537792,[],[],0.0,,False,1.0,0.0,2.0,,LeBron James,,,,,,,[],,,,,LeBron James,2010-2011,CBSSports,outlet
20,31826528991973376,31826528991973376,1296423010000.0,2011-01-30 21:30:10,+0000,,"""You thought LeBron James' free agency was a major story? That was nothing compared to this"" @GreggDoyelCBS on Pujols  http://bit.ly/i8bQ0c",en,[],[],14885860.0,14885860,CBSSports,CBS Sports,7.0,21,https://twitter.com/CBSSports/status/31826528991973376,[],[],0.0,,False,0.0,0.0,0.0,,LeBron James,,,,,,,[],,,,,LeBron James,2010-2011,CBSSports,outlet
21,28927941815574528,28927941815574528,1295731933000.0,2011-01-22 21:32:13,+0000,,"Spoelstra: Bosh is probably Miami's most important player -  http://bit.ly/BoshHeat. Quiet, don't let @KingJames hear you say that!",en,[],[],14885860.0,14885860,CBSSports,CBS Sports,6.0,21,https://twitter.com/CBSSports/status/28927941815574528,[],[],0.0,,False,0.0,0.0,2.0,,LeBron James,,,,,,,[],,,,,LeBron James,2010-2011,CBSSports,outlet
22,27815854326423554,27815854326423554,1295466791000.0,2011-01-19 19:53:11,+0000,,As LeBron's World Turns: Lil' Wayne not happy with LeBron James and Dwyane Wade -  http://bit.ly/LilWayneLeBron,en,[],[],14885860.0,14885860,CBSSports,CBS Sports,3.0,19,https://twitter.com/CBSSports/status/27815854326423554,[],[],0.0,,False,1.0,0.0,3.0,,LeBron James,,,,,,,[],,,,,LeBron James,2010-2011,CBSSports,outlet
23,27520307044552706,27520307044552706,1295396327000.0,2011-01-19 00:18:47,+0000,,"Chris Bosh out, LeBron James listed as starter tonight against Atlanta -  http://bit.ly/LeBronin. James (ankle) had missed last 2 Heat games.",en,[],[],14885860.0,14885860,CBSSports,CBS Sports,3.0,00,https://twitter.com/CBSSports/status/27520307044552706,[],[],0.0,,False,0.0,0.0,1.0,,LeBron James,,,,,,,[],,,,,LeBron James,2010-2011,CBSSports,outlet
24,27453552511160320,27453552511160320,1295380411000.0,2011-01-18 19:53:31,+0000,,"Earlier, we tweeted LeBron James would have a cartoon about himself. Now, the trailer for the cartoon is out -  http://bit.ly/LeBronTrailer",en,[],[],14885860.0,14885860,CBSSports,CBS Sports,2.0,19,https://twitter.com/CBSSports/status/27453552511160320,[],[],0.0,,False,0.0,0.0,1.0,,LeBron James,,,,,,,[],,,,,LeBron James,2010-2011,CBSSports,outlet
25,27370147949838336,27370147949838336,1295360526000.0,2011-01-18 14:22:06,+0000,,LeBron James has created a cartoon. About himself. Using four version of himself. Seriously.  http://bit.ly/LeBroncartoon,en,[],[],14885860.0,14885860,CBSSports,CBS Sports,2.0,14,https://twitter.com/CBSSports/status/27370147949838336,[],[],0.0,,False,0.0,0.0,1.0,,LeBron James,,,,,,,[],,,,,LeBron James,2010-2011,CBSSports,outlet
26,26345522981769216,26345522981769216,1295116236000.0,2011-01-15 18:30:36,+0000,,LeBron James (ankle) doubtful to play tonight in Chicago -  http://bit.ly/LeBronCHI,en,[],[],14885860.0,14885860,CBSSports,CBS Sports,6.0,18,https://twitter.com/CBSSports/status/26345522981769216,[],[],0.0,,False,0.0,0.0,1.0,,LeBron James,,,,,,,[],,,,,LeBron James,2010-2011,CBSSports,outlet
27,25744992748175361,25744992748175361,1294973059000.0,2011-01-14 02:44:19,+0000,,LeBron James (ankle) doubtful for tonight's game in Denver:  http://bit.ly/BronAnkle,en,[],[],14885860.0,14885860,CBSSports,CBS Sports,5.0,02,https://twitter.com/CBSSports/status/25744992748175361,[],[],0.0,,False,1.0,0.0,1.0,,LeBron James,,,,,,,[],,,,,LeBron James,2010-2011,CBSSports,outlet
28,25561550920089600,25561550920089600,1294929323000.0,2011-01-13 14:35:23,+0000,,LeBron James sprained his ankle last night. See how it happened -  http://bit.ly/LeBronankle,en,[],[],14885860.0,14885860,CBSSports,CBS Sports,4.0,14,https://twitter.com/CBSSports/status/25561550920089600,[],[],0.0,,False,0.0,0.0,1.0,,LeBron James,,,,,,,[],,,,,LeBron James,2010-2011,CBSSports,outlet
29,25228035112304641,25228035112304641,1294849806000.0,2011-01-12 16:30:06,+0000,,"""True villains don't tweet their disdain –- never have, never will."" --Ray Ratto on @KingJames -  http://bit.ly/LeBronVillain",en,[],[],14885860.0,14885860,CBSSports,CBS Sports,3.0,16,https://twitter.com/CBSSports/status/25228035112304641,[],[],0.0,,False,0.0,0.0,3.0,,LeBron James,,,,,,,[],,,,,LeBron James,2010-2011,CBSSports,outlet
30,25194368818216960,25194368818216960,1294841780000.0,2011-01-12 14:16:20,+0000,,LeBron James found a way last night to actually decrease his likeability. See what he had to say -  http://bit.ly/LeBronWords,en,[],[],14885860.0,14885860,CBSSports,CBS Sports,3.0,14,https://twitter.com/CBSSports/status/25194368818216960,[],[],0.0,,False,1.0,0.0,5.0,,LeBron James,,,,,,,[],,,,,LeBron James,2010-2011,CBSSports,outlet
31,22291536876146688,22291536876146688,1294149691000.0,2011-01-04 14:01:31,+0000,,"RT @CBSSportsNBA: LeBron James calls the Heat ""The Heatles."" We compare the two bands in depth:  http://bit.ly/Heatles",en,[],[],14885860.0,14885860,CBSSports,CBS Sports,2.0,14,https://twitter.com/CBSSports/status/22291536876146688,[],[],0.0,,False,0.0,0.0,0.0,,LeBron James,,,,,,,[],,,,,LeBron James,2010-2011,CBSSports,outlet
32,21937127709216768,21937127709216768,1294065193000.0,2011-01-03 14:33:13,+0000,,In today's @CBSSportsNBA Shootaround there's a must see photo of @KingJames' birthday cake -  http://bit.ly/NBAShootaround,en,[],[],14885860.0,14885860,CBSSports,CBS Sports,1.0,14,https://twitter.com/CBSSports/status/21937127709216768,[],[],0.0,,False,0.0,0.0,1.0,,LeBron James,,,,,,,[],,,,,LeBron James,2010-2011,CBSSports,outlet
33,20332855783587840,20332855783587840,1293682705000.0,2010-12-30 04:18:25,+0000,,"""It's a 2-man race for biggest Grinch of 2010: Phil Jackson & LeBron James."" -@CBSSportsNBA Find out what Phil did now:  http://bit.ly/gfv9Ln",en,[],[],14885860.0,14885860,CBSSports,CBS Sports,4.0,04,https://twitter.com/CBSSports/status/20332855783587840,[],[],0.0,,False,0.0,0.0,0.0,,LeBron James,,,,,,,[],,,,,LeBron James,2010-2011,CBSSports,outlet
34,20155724956958720,20155724956958720,1293640473000.0,2010-12-29 16:34:33,+0000,,"In Cleveland, @DwightHoward mocks the LeBron James chalk toss -  http://bit.ly/Howardchalk",en,[],[],14885860.0,14885860,CBSSports,CBS Sports,3.0,16,https://twitter.com/CBSSports/status/20155724956958720,[],[],0.0,,False,0.0,0.0,0.0,,LeBron James,,,,,,,[],,,,,LeBron James,2010-2011,CBSSports,outlet
35,19817679648985088,19817679648985088,1293559877000.0,2010-12-28 18:11:17,+0000,,"RT @greggdoyelcbs: Along with 'contraction,' other words not known by LeBron James: humility, class, right, wrong, title",en,[],[],14885860.0,14885860,CBSSports,CBS Sports,2.0,18,https://twitter.com/CBSSports/status/19817679648985088,[],[],0.0,,False,0.0,0.0,5.0,,LeBron James,,,,,,,[],,,,,LeBron James,2010-2011,CBSSports,outlet
36,17976002995032066,17976002995032066,1293120787000.0,2010-12-23 16:13:07,+0000,,As LeBron's World Turns: @KingJames prefers not to play on Christmas -  http://bit.ly/LeBronXmas,en,[],[],14885860.0,14885860,CBSSports,CBS Sports,4.0,16,https://twitter.com/CBSSports/status/17976002995032066,[],[],0.0,,False,0.0,0.0,1.0,,LeBron James,,,,,,,[],,,,,LeBron James,2010-2011,CBSSports,outlet
37,17956066960609282,17956066960609282,1293116034000.0,2010-12-23 14:53:54,+0000,,Check out what @KingJames is doing for his birthday. Going all out would be an understatement -  http://bit.ly/JamesParty,en,[],[],14885860.0,14885860,CBSSports,CBS Sports,4.0,14,https://twitter.com/CBSSports/status/17956066960609282,[],[],0.0,,False,0.0,0.0,0.0,,LeBron James,,,,,,,[],,,,,LeBron James,2010-2011,CBSSports,outlet
38,12163917769871360,12163917769871360,1291735078000.0,2010-12-07 15:17:58,+0000,,"More Hornets fallout, @KingJames compares himself to another ""likeable"" athlete, and more in today's NBA Shootaround -  http://bit.ly/gKkXAk",en,[],[],14885860.0,14885860,CBSSports,CBS Sports,2.0,15,https://twitter.com/CBSSports/status/12163917769871360,[],[],0.0,,False,0.0,0.0,0.0,,LeBron James,,,,,,,[],,,,,LeBron James,2010-2011,CBSSports,outlet
39,10747130826199040,10747130826199040,1291397290000.0,2010-12-03 17:28:10,+0000,,"""It's nothing personal for the athletes. It IS personal...for sports fans."" @KBerg_CBS after the @KingJames homecoming:  http://bit.ly/eBwvuI",en,[],[],14885860.0,14885860,CBSSports,CBS Sports,5.0,17,https://twitter.com/CBSSports/status/10747130826199040,[],[],0.0,,False,0.0,0.0,1.0,,LeBron James,,,,,,,[],,,,,LeBron James,2010-2011,CBSSports,outlet
40,10446923097964544,10446923097964544,1291325715000.0,2010-12-02 21:35:15,+0000,,"Our @CBSSportsNBA guys' take on tonight's Cavs-Heat showdown: ""LeBron James is probably a little scared to go to work.""  http://bit.ly/fG68bi",en,[],[],14885860.0,14885860,CBSSports,CBS Sports,4.0,21,https://twitter.com/CBSSports/status/10446923097964544,[],[],0.0,,False,1.0,0.0,0.0,,LeBron James,,,,,,,[],,,,,LeBron James,2010-2011,CBSSports,outlet
41,9693642595762176,9693642595762176,1291146119000.0,2010-11-30 19:41:59,+0000,,LeBron James WILL toss chalk in Cleveland return -  http://bit.ly/gO3Zyc,en,[],[],14885860.0,14885860,CBSSports,CBS Sports,2.0,19,https://twitter.com/CBSSports/status/9693642595762176,[],[],0.0,,False,0.0,0.0,0.0,,LeBron James,,,,,,,[],,,,,LeBron James,2010-2011,CBSSports,outlet
42,9624427960475648,9624427960475648,1291129617000.0,2010-11-30 15:06:57,+0000,,"Today's NBA Shootaround tackles @KingJames, @DwightHoward, and @Garbage_Time All Stars -  http://bit.ly/eXGzJF",en,[],[],14885860.0,14885860,CBSSports,CBS Sports,2.0,15,https://twitter.com/CBSSports/status/9624427960475648,[],[],0.0,,False,0.0,0.0,0.0,,LeBron James,,,,,,,[],,,,,LeBron James,2010-2011,CBSSports,outlet
43,9378603640819713,9378603640819713,1291071008000.0,2010-11-29 22:50:08,+0000,,"How should @Cavs fans treat LeBron James in his return to Cleveland? The @LaughatLebron folks have a novel idea: ""LOL""  http://bit.ly/hOgrsI",en,[],[],14885860.0,14885860,CBSSports,CBS Sports,1.0,22,https://twitter.com/CBSSports/status/9378603640819713,[],[],0.0,,False,1.0,0.0,3.0,,LeBron James,,,,,,,[],,,,,LeBron James,2010-2011,CBSSports,outlet
44,8989402273419265,8989402273419265,1290978215000.0,2010-11-28 21:03:35,+0000,,Heat's LeBron James bumps coach Erik Spoelstra  http://bit.ly/ih9cS0,en,[],[],14885860.0,14885860,CBSSports,CBS Sports,7.0,21,https://twitter.com/CBSSports/status/8989402273419265,[],[],0.0,,False,1.0,0.0,2.0,,LeBron James,,,,,,,[],,,,,LeBron James,2010-2011,CBSSports,outlet
45,7510560010665984,7510560010665984,1290625631000.0,2010-11-24 19:07:11,+0000,,As LeBron's World Turns (again): Erik Spoelstra responds to Phil Jackson's comments about @KingJames and the Heat -  http://bit.ly/hXjLhJ,en,[],[],14885860.0,14885860,CBSSports,CBS Sports,3.0,19,https://twitter.com/CBSSports/status/7510560010665984,[],[],0.0,,False,1.0,0.0,4.0,,LeBron James,,,,,,,[],,,,,LeBron James,2010-2011,CBSSports,outlet
46,7469791161884672,7469791161884672,1290615911000.0,2010-11-24 16:25:11,+0000,,Kobe Bryant is channeling his inner-Dr. Seuss for a new pair shoes he'll wear on Christmas vs @KingJames and the Heat -  http://bit.ly/f47wX2,en,[],[],14885860.0,14885860,CBSSports,CBS Sports,3.0,16,https://twitter.com/CBSSports/status/7469791161884672,[],[],0.0,,False,1.0,0.0,2.0,,LeBron James,,,,,,,[],,,,,LeBron James,2010-2011,CBSSports,outlet
47,4268520351207424,4268520351207424,1289852669000.0,2010-11-15 20:24:29,+0000,,Time nominated LeBron James for its Person of the Year award. What's your take on the nomination?,en,[],[],14885860.0,14885860,CBSSports,CBS Sports,1.0,20,https://twitter.com/CBSSports/status/4268520351207424,[],[],0.0,,False,0.0,0.0,1.0,,LeBron James,,,,,,,[],,,,,LeBron James,2010-2011,CBSSports,outlet
48,3188096015273984,3188096015273984,1289595075000.0,2010-11-12 20:51:15,+0000,,LeBron James says he's playing too many minutes:  http://bit.ly/dipyw1,en,[],[],14885860.0,14885860,CBSSports,CBS Sports,5.0,20,https://twitter.com/CBSSports/status/3188096015273984,[],[],0.0,,False,0.0,0.0,0.0,,LeBron James,,,,,,,[],,,,,LeBron James,2010-2011,CBSSports,outlet
49,28835186851,28835186851,1288134910000.0,2010-10-26 23:15:10,+0000,,Cleveland radio DJ hires witch doctor to place hex on LeBron James:  http://bit.ly/9J0Vra #Heat #Cavaliers #Heatstroke #NBA,en,"['heat', 'cavaliers', 'heatstroke', 'nba']",[],14885860.0,14885860,CBSSports,CBS Sports,2.0,23,https://twitter.com/CBSSports/status/28835186851,[],[],0.0,,False,0.0,0.0,3.0,,LeBron James,,,,,,,[],,,,,LeBron James,2010-2011,CBSSports,outlet
50,27860777144,27860777144,1287515702000.0,2010-10-19 19:15:02,+0000,,"RT @CBSSportsNBA: @KingJames opens up ""Hater Day"" and @HPbasketball goes off for 600 words about anger and athletes:  http://bit.ly/9xVzq7",en,[],[],14885860.0,14885860,CBSSports,CBS Sports,2.0,19,https://twitter.com/CBSSports/status/27860777144,[],[],0.0,,False,0.0,0.0,0.0,,LeBron James,,,,,,,[],,,,,LeBron James,2010-2011,CBSSports,outlet
51,27856648249,27856648249,1287512107000.0,2010-10-19 18:15:07,+0000,,"Carter, LeBron James's manager, sued over disagreement involving pendant:  http://bit.ly/cxTlOu #Heat #NBA",en,"['heat', 'nba']",[],14885860.0,14885860,CBSSports,CBS Sports,2.0,18,https://twitter.com/CBSSports/status/27856648249,[],[],0.0,,False,0.0,0.0,0.0,,LeBron James,,,,,,,[],,,,,LeBron James,2010-2011,CBSSports,outlet
0,9673570523291648,9673570523291648,1291141333000.0,2010-11-30 18:22:13,+0000,,@KingJames wants Spoelstra to bow to him:  http://yhoo.it/hiG5L1 -- @WojYahooNBA does it again.  #NBA #Heat,en,"['nba', 'heat']",[],890891.0,890891,BleacherReport,Bleacher Report,2.0,18,https://twitter.com/BleacherReport/status/9673570523291648,[],[],0.0,,False,0.0,0.0,0.0,,LeBron James,,,,,,,[],,,,,LeBron James,2010-2011,BleacherReport,outlet
1,3189576713641984,3189576713641984,1289595429000.0,2010-11-12 20:57:09,+0000,,RT @CBSSports: LeBron James says he's playing too many minutes:  http://bit.ly/dipyw1,en,[],[],890891.0,890891,BleacherReport,Bleacher Report,5.0,20,https://twitter.com/BleacherReport/status/3189576713641984,[],[],0.0,,False,0.0,0.0,5.0,,LeBron James,,,,,,,[],,,,,LeBron James,2010-2011,BleacherReport,outlet
2,29140158338,29140158338,1288401061000.0,2010-10-30 01:11:01,+0000,,Read @sportsguy33 today? Thoughts on his hypothesis that @KingJames is so much better than @dwadeofficial it's hurting team chemistry?,en,[],[],890891.0,890891,BleacherReport,Bleacher Report,6.0,01,https://twitter.com/BleacherReport/status/29140158338,[],[],0.0,,False,1.0,0.0,0.0,,LeBron James,,,,,,,[],,,,,LeBron James,2010-2011,BleacherReport,outlet
3,28715514854,28715514854,1288031817000.0,2010-10-25 18:36:57,+0000,,@KingJames Have to give it up to you and Nike... new ad is on fiyahhhhh.,en,[],[],890891.0,890891,BleacherReport,Bleacher Report,1.0,18,https://twitter.com/BleacherReport/status/28715514854,[],[],0.0,,False,0.0,0.0,4.0,,LeBron James,,,,,,,[],,,,,LeBron James,2010-2011,BleacherReport,outlet
0,55759958834298880,55759958834298880,1302129184000.0,2011-04-06 22:33:04,+0000,,LeBron James now owns part of a legendary soccer club  http://ow.ly/4uM7W,en,[],[],7302282.0,7302282,YahooSports,Yahoo Sports,3.0,22,https://twitter.com/YahooSports/status/55759958834298880,[],[],0.0,,False,0.0,0.0,3.0,,LeBron James,,,,,,,[],,,,,LeBron James,2010-2011,YahooSports,outlet
1,52845081211842561,52845081211842561,1301434223000.0,2011-03-29 21:30:23,+0000,,NBA star LeBron James tones down the villain act  http://ow.ly/4p3Nx,en,[],[],7302282.0,7302282,YahooSports,Yahoo Sports,2.0,21,https://twitter.com/YahooSports/status/52845081211842561,[],[],0.0,,False,0.0,0.0,0.0,,LeBron James,,,,,,,[],,,,,LeBron James,2010-2011,YahooSports,outlet
2,40851577338073088,40851577338073088,1298574749000.0,2011-02-24 19:12:29,+0000,,Chicago radio ad spoofs LeBron James  http://ow.ly/42PPL,en,[],[],7302282.0,7302282,YahooSports,Yahoo Sports,4.0,19,https://twitter.com/YahooSports/status/40851577338073088,[],[],0.0,,False,0.0,0.0,0.0,,LeBron James,,,,,,,[],,,,,LeBron James,2010-2011,YahooSports,outlet
3,37905341505085440,37905341505085440,1297872312000.0,2011-02-16 16:05:12,+0000,,Video: LeBron James pulls off a 'SCUBA' dunk  http://ow.ly/3XzOH,en,[],[],7302282.0,7302282,YahooSports,Yahoo Sports,3.0,16,https://twitter.com/YahooSports/status/37905341505085440,[],[],0.0,,False,0.0,0.0,2.0,,LeBron James,,,,,,,[],,,,,LeBron James,2010-2011,YahooSports,outlet
4,22406335895179264,22406335895179264,1294177061000.0,2011-01-04 21:37:41,+0000,,LeBron James uses famous band to give the Heat trio a new nickname  http://ow.ly/3yiQ6,en,[],[],7302282.0,7302282,YahooSports,Yahoo Sports,2.0,21,https://twitter.com/YahooSports/status/22406335895179264,[],[],0.0,,False,0.0,0.0,1.0,,LeBron James,,,,,,,[],,,,,LeBron James,2010-2011,YahooSports,outlet
5,22118749452636161,22118749452636161,1294108495000.0,2011-01-04 02:34:55,+0000,,Stanford band banned from Orange Bowl halftime show because of LeBron  James  http://ow.ly/3xL3r,en,[],[],7302282.0,7302282,YahooSports,Yahoo Sports,2.0,02,https://twitter.com/YahooSports/status/22118749452636161,[],[],0.0,,False,2.0,0.0,10.0,,LeBron James,,,,,,,[],,,,,LeBron James,2010-2011,YahooSports,outlet
6,14457213770801153,14457213770801153,1292281843000.0,2010-12-13 23:10:43,+0000,,Photos: Chris Bosh outdoes LeBron James with Miami mansion  http://ow.ly/3oBB8,en,[],[],7302282.0,7302282,YahooSports,Yahoo Sports,1.0,23,https://twitter.com/YahooSports/status/14457213770801153,[],[],0.0,,False,0.0,0.0,1.0,,LeBron James,,,,,,,[],,,,,LeBron James,2010-2011,YahooSports,outlet
7,12904859615371264,12904859615371264,1291911732000.0,2010-12-09 16:22:12,+0000,,LeBron James bashes ex-quarterback Trent Dilfer  http://ow.ly/3mzLN,fr,[],[],7302282.0,7302282,YahooSports,Yahoo Sports,4.0,16,https://twitter.com/YahooSports/status/12904859615371264,[],[],0.0,,False,0.0,0.0,3.0,,LeBron James,,,,,,,[],,,,,LeBron James,2010-2011,YahooSports,outlet
8,12191934869147648,12191934869147648,1291741758000.0,2010-12-07 17:09:18,+0000,,LeBron James compares his situation to Brett Favre  http://ow.ly/3llDY,en,[],[],7302282.0,7302282,YahooSports,Yahoo Sports,2.0,17,https://twitter.com/YahooSports/status/12191934869147648,[],[],0.0,,False,0.0,0.0,0.0,,LeBron James,,,,,,,[],,,,,LeBron James,2010-2011,YahooSports,outlet
9,10107056409288705,10107056409288705,1291244684000.0,2010-12-01 23:04:44,+0000,,Cavs investigating Heat's signing of LeBron James; secret meetings?  http://ow.ly/3itSH,en,[],[],7302282.0,7302282,YahooSports,Yahoo Sports,3.0,23,https://twitter.com/YahooSports/status/10107056409288705,[],[],0.0,,False,0.0,0.0,3.0,,LeBron James,,,,,,,[],,,,,LeBron James,2010-2011,YahooSports,outlet
10,8940773357658112,8940773357658112,1290966621000.0,2010-11-28 17:50:21,+0000,,Video: LeBron James causes a stir by bumping into his coach  http://ow.ly/3gss7,en,[],[],7302282.0,7302282,YahooSports,Yahoo Sports,7.0,17,https://twitter.com/YahooSports/status/8940773357658112,[],[],0.0,,False,0.0,0.0,4.0,,LeBron James,,,,,,,[],,,,,LeBron James,2010-2011,YahooSports,outlet
11,8204595247452160,8204595247452160,1290791102000.0,2010-11-26 17:05:02,+0000,,Photo: LeBron James has a new Nike logo  http://ow.ly/3fUcP,en,[],[],7302282.0,7302282,YahooSports,Yahoo Sports,5.0,17,https://twitter.com/YahooSports/status/8204595247452160,[],[],0.0,,False,1.0,0.0,2.0,,LeBron James,,,,,,,[],,,,,LeBron James,2010-2011,YahooSports,outlet
12,599526444371968,599526444371968,1288977912000.0,2010-11-05 17:25:12,+0000,,Video: Clevelanders respond to LeBron James' ad  http://ow.ly/357OT,en,[],[],7302282.0,7302282,YahooSports,Yahoo Sports,5.0,17,https://twitter.com/YahooSports/status/599526444371968,[],[],0.0,,False,0.0,0.0,7.0,,LeBron James,,,,,,,[],,,,,LeBron James,2010-2011,YahooSports,outlet
13,27964122211,27964122211,1287608133000.0,2010-10-20 20:55:33,+0000,,LeBron James tweets racist comments sent to him  http://ow.ly/2WKM5,en,[],[],7302282.0,7302282,YahooSports,Yahoo Sports,3.0,20,https://twitter.com/YahooSports/status/27964122211,[],[],0.0,,False,0.0,0.0,3.0,,LeBron James,,,,,,,[],,,,,LeBron James,2010-2011,YahooSports,outlet
14,26561085638,26561085638,1286378707000.0,2010-10-06 15:25:07,+0000,,LeBron James quickly takes over Heat throne  http://ow.ly/2PpSj,en,[],[],7302282.0,7302282,YahooSports,Yahoo Sports,3.0,15,https://twitter.com/YahooSports/status/26561085638,[],[],0.0,,False,0.0,0.0,6.0,,LeBron James,,,,,,,[],,,,,LeBron James,2010-2011,YahooSports,outlet
15,26001077465,26001077465,1285868749000.0,2010-09-30 17:45:49,+0000,,LeBron James says race played a factor in backlash from 'The Decision'  http://ow.ly/2MsFD,en,[],[],7302282.0,7302282,YahooSports,Yahoo Sports,4.0,17,https://twitter.com/YahooSports/status/26001077465,[],[],0.0,,False,0.0,0.0,1.0,,LeBron James,,,,,,,[],,,,,LeBron James,2010-2011,YahooSports,outlet
0,26458226778,26458226778,1286286844000.0,2010-10-05 13:54:04,+0000,,"Kobe Bryant says his knee is ""probably about 60 percent"" after preseason debut (via @mcten):  http://es.pn/d3OeGu",en,[],[],74518740.0,74518740,ESPNNBA,NBA on ESPN,2.0,13,https://twitter.com/ESPNNBA/status/26458226778,[],[],0.0,,False,0.0,0.0,4.0,,Kobe Bryant,,,,,,,[],,,,,Kobe Bryant,2010-2011,ESPNNBA,outlet
0,39453832006205441,39453832006205441,1298241501000.0,2011-02-20 22:38:21,+0000,,Blake Griffin and Kobe Bryant #AllStar  http://twitpic.com/420ai7,en,['allstar'],[],74182706.0,74182706,TurnerSportsPR,TurnerSportsPR,7.0,22,https://twitter.com/TurnerSportsPR/status/39453832006205441,[],[],0.0,,False,0.0,0.0,0.0,,Kobe Bryant,,,,,,,[],,,,,Kobe Bryant,2010-2011,TurnerSportsPR,outlet
1,30780856775745536,30780856775745536,1296173702000.0,2011-01-28 00:15:02,+0000,,"RT @TurnerSportsPR: The All-Star West  Starters: Kobe Bryant, Chris Paul,  Yao Ming, Kevin Durant and Carmelo Anthony #nbaontnt",en,['nbaontnt'],[],74182706.0,74182706,TurnerSportsPR,TurnerSportsPR,5.0,00,https://twitter.com/TurnerSportsPR/status/30780856775745536,[],[],0.0,,False,0.0,0.0,0.0,,Kobe Bryant,,,,,,,[],,,,,Kobe Bryant,2010-2011,TurnerSportsPR,outlet
2,30780760155754497,30780760155754497,1296173679000.0,2011-01-28 00:14:39,+0000,,"The #NBA All-Star Western Conference  Starters: Kobe Bryant, Chris Paul,  Yao Ming, Kevin Durant and Carmelo Anthony #nbaontnt",en,"['nba', 'nbaontnt']",[],74182706.0,74182706,TurnerSportsPR,TurnerSportsPR,5.0,00,https://twitter.com/TurnerSportsPR/status/30780760155754497,[],[],0.0,,False,0.0,0.0,1.0,,Kobe Bryant,,,,,,,[],,,,,Kobe Bryant,2010-2011,TurnerSportsPR,outlet
0,15094890086014977,15094890086014977,1292433876000.0,2010-12-15 17:24:36,+0000,,Kobe Bryant gives John Wall some advice on how to avoid injuries:  http://bit.ly/fnrWGi,en,[],[],890891.0,890891,BleacherReport,Bleacher Report,3.0,17,https://twitter.com/BleacherReport/status/15094890086014977,[],[],0.0,,False,0.0,0.0,4.0,,Kobe Bryant,,,,,,,[],,,,,Kobe Bryant,2010-2011,BleacherReport,outlet
0,42348335067172864,42348335067172864,1298931604000.0,2011-02-28 22:20:04,+0000,,Hot Clicks: Nicky Whelan; Kobe Bryant throws towel in Lamar Odom's face  http://bit.ly/fCM5mg /via @JimmyTraina,en,[],[],28370738.0,28370738,SInow,Sports Illustrated,1.0,22,https://twitter.com/SInow/status/42348335067172864,[],[],0.0,,False,0.0,0.0,2.0,,Kobe Bryant,,,,,,,[],,,,,Kobe Bryant,2010-2011,SInow,outlet
1,37935723256627200,37935723256627200,1297879555000.0,2011-02-16 18:05:55,+0000,,This week's issue look at the #NBA's top teams & feat. @Lakers Kobe Bryant & @Celtics Rajon Rondo:  http://twitpic.com/40hf1c,en,['nba'],[],28370738.0,28370738,SInow,Sports Illustrated,3.0,18,https://twitter.com/SInow/status/37935723256627200,[],[],0.0,,False,0.0,0.0,2.0,,Kobe Bryant,,,,,,,[],,,,,Kobe Bryant,2010-2011,SInow,outlet
2,17630469373825024,17630469373825024,1293038406000.0,2010-12-22 17:20:06,+0000,,Hot Clicks: Jamie Edmondson; Kim Kardashian vs. Kobe Bryant  http://bit.ly/eikK6s /via @JimmyTraina,ht,[],[],28370738.0,28370738,SInow,Sports Illustrated,3.0,17,https://twitter.com/SInow/status/17630469373825024,[],[],0.0,,False,0.0,0.0,0.0,,Kobe Bryant,,,,,,,[],,,,,Kobe Bryant,2010-2011,SInow,outlet
0,52442286843367424,52442286843367424,1301338190000.0,2011-03-28 18:49:50,+0000,,Video: Unusual dunk by Lakers player impressive Kobe Bryant  http://ow.ly/4o2vZ,en,[],[],7302282.0,7302282,YahooSports,Yahoo Sports,1.0,18,https://twitter.com/YahooSports/status/52442286843367424,[],[],0.0,,False,0.0,0.0,1.0,,Kobe Bryant,,,,,,,[],,,,,Kobe Bryant,2010-2011,YahooSports,outlet
1,51288489790152704,51288489790152704,1301063103000.0,2011-03-25 14:25:03,+0000,,Why coach John Calipari passed on Kobe Bryant in the 1996 draft  http://ow.ly/4mjli,en,[],[],7302282.0,7302282,YahooSports,Yahoo Sports,5.0,14,https://twitter.com/YahooSports/status/51288489790152704,[],[],0.0,,False,2.0,0.0,2.0,,Kobe Bryant,,,,,,,[],,,,,Kobe Bryant,2010-2011,YahooSports,outlet
2,42249702699307008,42249702699307008,1298908088000.0,2011-02-28 15:48:08,+0000,,Video: Ref takes jab at Kobe Bryant during game  http://ow.ly/44NLm,en,[],[],7302282.0,7302282,YahooSports,Yahoo Sports,1.0,15,https://twitter.com/YahooSports/status/42249702699307008,[],[],0.0,,False,2.0,0.0,2.0,,Kobe Bryant,,,,,,,[],,,,,Kobe Bryant,2010-2011,YahooSports,outlet
3,35762971615428608,35762971615428608,1297361531000.0,2011-02-10 18:12:11,+0000,,Kobe Bryant has a message for all those who doubt he and the Lakers can win this year  http://ow.ly/3U5jc,en,[],[],7302282.0,7302282,YahooSports,Yahoo Sports,4.0,18,https://twitter.com/YahooSports/status/35762971615428608,[],[],0.0,,False,1.0,0.0,3.0,,Kobe Bryant,,,,,,,[],,,,,Kobe Bryant,2010-2011,YahooSports,outlet
4,30310257301389312,30310257301389312,1296061503000.0,2011-01-26 17:05:03,+0000,,Lamar Odom's incredible shot brings Kobe Bryant to his feet  http://ow.ly/3KExR,en,[],[],7302282.0,7302282,YahooSports,Yahoo Sports,3.0,17,https://twitter.com/YahooSports/status/30310257301389312,[],[],0.0,,False,1.0,0.0,5.0,,Kobe Bryant,,,,,,,[],,,,,Kobe Bryant,2010-2011,YahooSports,outlet
5,7110944362602496,7110944362602496,1290530355000.0,2010-11-23 16:39:15,+0000,,What the King of Pop Michael Jackson told Kobe Bryant that helped shape the NBA star's career  http://ow.ly/3elyi,en,[],[],7302282.0,7302282,YahooSports,Yahoo Sports,2.0,16,https://twitter.com/YahooSports/status/7110944362602496,[],[],0.0,,False,2.0,0.0,6.0,,Kobe Bryant,,,,,,,[],,,,,Kobe Bryant,2010-2011,YahooSports,outlet
6,5340841417641984,5340841417641984,1290108330000.0,2010-11-18 19:25:30,+0000,,Kobe Bryant catching flak for ‘Call of Duty’ ad  http://ow.ly/3c5xw,en,[],[],7302282.0,7302282,YahooSports,Yahoo Sports,4.0,19,https://twitter.com/YahooSports/status/5340841417641984,[],[],0.0,,False,0.0,0.0,1.0,,Kobe Bryant,,,,,,,[],,,,,Kobe Bryant,2010-2011,YahooSports,outlet
7,4231234842533889,4231234842533889,1289843779000.0,2010-11-15 17:56:19,+0000,,Video: Kobe Bryant's awesome off-the-backboard move  http://ow.ly/3a2Xu,en,[],[],7302282.0,7302282,YahooSports,Yahoo Sports,1.0,17,https://twitter.com/YahooSports/status/4231234842533889,[],[],0.0,,False,0.0,0.0,1.0,,Kobe Bryant,,,,,,,[],,,,,Kobe Bryant,2010-2011,YahooSports,outlet
0,43812331020500992,43812331020500992,1299280648000.0,2011-03-04 23:17:28,+0000,,Report: Kevin Durant (sprained ankle) upgraded to game-time decision -  http://es.pn/ii54Tl,en,[],[],2557521.0,2557521,espn,ESPN,5.0,23,https://twitter.com/espn/status/43812331020500992,[],[],0.0,,False,4.0,0.0,24.0,,Kevin Durant,,,,,,,[],,,,,Kevin Durant,2010-2011,espn,outlet
1,43436352691388416,43436352691388416,1299191008000.0,2011-03-03 22:23:28,+0000,,"Kevin Durant of Oklahoma City Thunder held out of practice, doubtful for Friday -  http://es.pn/dMOICl",en,[],[],2557521.0,2557521,espn,ESPN,4.0,22,https://twitter.com/espn/status/43436352691388416,[],[],0.0,,False,8.0,0.0,31.0,,Kevin Durant,,,,,,,[],,,,,Kevin Durant,2010-2011,espn,outlet
2,31879988990971904,31879988990971904,1296435756000.0,2011-01-31 01:02:36,+0000,,Kevin Durant calls out Chris Bosh as one of 'fake tough guys' -  http://es.pn/gjTPqn,en,[],[],2557521.0,2557521,espn,ESPN,1.0,01,https://twitter.com/espn/status/31879988990971904,[],[],0.0,,False,37.0,0.0,351.0,,Kevin Durant,,,,,,,[],,,,,Kevin Durant,2010-2011,espn,outlet
3,1277481113882624,1277481113882624,1289139549000.0,2010-11-07 14:19:09,+0000,,Kevin Durant of Oklahoma City Thunder gets his own shootaround with President Barack Obama -  http://es.pn/90USst,en,[],[],2557521.0,2557521,espn,ESPN,7.0,14,https://twitter.com/espn/status/1277481113882624,[],[],0.0,,False,16.0,0.0,96.0,,Kevin Durant,,,,,,,[],,,,,Kevin Durant,2010-2011,espn,outlet
0,43170648020881408,43170648020881408,1299127659000.0,2011-03-03 04:47:39,+0000,,Kevin Durant leaves game with ankle sprain:  http://es.pn/fYbrPN,en,[],[],74518740.0,74518740,ESPNNBA,NBA on ESPN,4.0,04,https://twitter.com/ESPNNBA/status/43170648020881408,[],[],0.0,,False,0.0,0.0,5.0,,Kevin Durant,,,,,,,[],,,,,Kevin Durant,2010-2011,ESPNNBA,outlet
0,30780856775745536,30780856775745536,1296173702000.0,2011-01-28 00:15:02,+0000,,"RT @TurnerSportsPR: The All-Star West  Starters: Kobe Bryant, Chris Paul,  Yao Ming, Kevin Durant and Carmelo Anthony #nbaontnt",en,['nbaontnt'],[],74182706.0,74182706,TurnerSportsPR,TurnerSportsPR,5.0,00,https://twitter.com/TurnerSportsPR/status/30780856775745536,[],[],0.0,,False,0.0,0.0,0.0,,Kevin Durant,,,,,,,[],,,,,Kevin Durant,2010-2011,TurnerSportsPR,outlet
1,30780760155754497,30780760155754497,1296173679000.0,2011-01-28 00:14:39,+0000,,"The #NBA All-Star Western Conference  Starters: Kobe Bryant, Chris Paul,  Yao Ming, Kevin Durant and Carmelo Anthony #nbaontnt",en,"['nba', 'nbaontnt']",[],74182706.0,74182706,TurnerSportsPR,TurnerSportsPR,5.0,00,https://twitter.com/TurnerSportsPR/status/30780760155754497,[],[],0.0,,False,0.0,0.0,1.0,,Kevin Durant,,,,,,,[],,,,,Kevin Durant,2010-2011,TurnerSportsPR,outlet
0,33033588282892288,33033588282892288,1296710795000.0,2011-02-03 05:26:35,+0000,,Dirk Nowitzki becomes the 24th player in NBA history to record 22K points -  http://es.pn/hEcJ8U,en,[],[],2557521.0,2557521,espn,ESPN,4.0,05,https://twitter.com/espn/status/33033588282892288,[],[],0.0,,False,9.0,0.0,84.0,,Dirk Nowitzki,,,,,,,[],,,,,Dirk Nowitzki,2010-2011,espn,outlet
1,26435124069408768,26435124069408768,1295137599000.0,2011-01-16 00:26:39,+0000,,Dallas Mavericks forward Dirk Nowitzki returns to lineup against Memphis Grizzlies -  http://es.pn/hYa1qX,en,[],[],2557521.0,2557521,espn,ESPN,7.0,00,https://twitter.com/espn/status/26435124069408768,[],[],0.0,,False,2.0,0.0,34.0,,Dirk Nowitzki,,,,,,,[],,,,,Dirk Nowitzki,2010-2011,espn,outlet
2,23460525237080064,23460525237080064,1294428399000.0,2011-01-07 19:26:39,+0000,,Dirk Nowitzki 's knee still hurting; Dallas Mavericks star to sit out Saturday -  http://es.pn/ia8hlO,en,[],[],2557521.0,2557521,espn,ESPN,5.0,19,https://twitter.com/espn/status/23460525237080064,[],[],0.0,,False,5.0,0.0,20.0,,Dirk Nowitzki,,,,,,,[],,,,,Dirk Nowitzki,2010-2011,espn,outlet
3,22349958992625664,22349958992625664,1294163620000.0,2011-01-04 17:53:40,+0000,,Dallas Mavericks' Dirk Nowitzki won't play vs. Portland Trail Blazers -  http://es.pn/hIjALY,en,[],[],2557521.0,2557521,espn,ESPN,2.0,17,https://twitter.com/espn/status/22349958992625664,[],[],0.0,,False,4.0,0.0,22.0,,Dirk Nowitzki,,,,,,,[],,,,,Dirk Nowitzki,2010-2011,espn,outlet
4,20892100505632768,20892100505632768,1293816039000.0,2010-12-31 17:20:39,+0000,,Dirk Nowitzki might not play for Dallas Mavericks this weekend -  http://es.pn/ghowDe,en,[],[],2557521.0,2557521,espn,ESPN,5.0,17,https://twitter.com/espn/status/20892100505632768,[],[],0.0,,False,4.0,0.0,13.0,,Dirk Nowitzki,,,,,,,[],,,,,Dirk Nowitzki,2010-2011,espn,outlet
5,20556892908552192,20556892908552192,1293736119000.0,2010-12-30 19:08:39,+0000,,Dallas Mavericks' Dirk Nowitzki won't play vs. San Antonio Spurs -  http://es.pn/fEhPkt,en,[],[],2557521.0,2557521,espn,ESPN,4.0,19,https://twitter.com/espn/status/20556892908552192,[],[],0.0,,False,1.0,0.0,35.0,,Dirk Nowitzki,,,,,,,[],,,,,Dirk Nowitzki,2010-2011,espn,outlet
6,19831362051641344,19831362051641344,1293563139000.0,2010-12-28 19:05:39,+0000,,Dirk Nowitzki to sit Dallas Mavericks game Tuesday with sprain -  http://es.pn/ifmjXP,en,[],[],2557521.0,2557521,espn,ESPN,2.0,19,https://twitter.com/espn/status/19831362051641344,[],[],0.0,,False,4.0,0.0,18.0,,Dirk Nowitzki,,,,,,,[],,,,,Dirk Nowitzki,2010-2011,espn,outlet
7,19810980171087872,19810980171087872,1293558280000.0,2010-12-28 17:44:40,+0000,,Dallas Mavericks' Dirk Nowitzki to have MRI on sore right knee -  http://es.pn/hDzMja,en,[],[],2557521.0,2557521,espn,ESPN,2.0,17,https://twitter.com/espn/status/19810980171087872,[],[],0.0,,False,3.0,0.0,15.0,,Dirk Nowitzki,,,,,,,[],,,,,Dirk Nowitzki,2010-2011,espn,outlet
0,28950746991,28950746991,1288233407000.0,2010-10-28 02:36:47,+0000,,Dwyane Wade on Heat win vs Sixers  http://bit.ly/cCqGG7,en,[],[],16877611.0,16877611,FOXSports,FOX Sports,4.0,02,https://twitter.com/FOXSports/status/28950746991,[],[],0.0,,False,0.0,0.0,2.0,,Dwyane Wade,,,,,,,[],,,,,Dwyane Wade,2010-2011,FOXSports,outlet
0,53819741327998976,53819741327998976,1301666600000.0,2011-04-01 14:03:20,+0000,,"Wow, @ManuGinobili certainly April FOOLED KG on this play-&gt;  http://bit.ly/eTO36O",en,[],[],2557521.0,2557521,espn,ESPN,5.0,14,https://twitter.com/espn/status/53819741327998976,[],[],0.0,,False,14.0,0.0,42.0,,Manu Ginobili,,,,,,,[],,,,,Manu Ginobili,2010-2011,espn,outlet
1,52536040828833792,52536040828833792,1301360542000.0,2011-03-29 01:02:22,+0000,,"San Antonio Spurs add Tony Parker, Manu Ginobili to Tim Duncan injury -  http://es.pn/hKOtce",in,[],[],2557521.0,2557521,espn,ESPN,2.0,01,https://twitter.com/espn/status/52536040828833792,[],[],0.0,,False,6.0,0.0,70.0,,Manu Ginobili,,,,,,,[],,,,,Manu Ginobili,2010-2011,espn,outlet
0,30701607062609920,30701607062609920,1296154808000.0,2011-01-27 19:00:08,+0000,,"Apparently, Amar’e Stoudemire (@AmareisReal) isn’t afraid of the @MiamiHeat:  http://es.pn/hLbiFi",en,[],[],2557521.0,2557521,espn,ESPN,4.0,19,https://twitter.com/espn/status/30701607062609920,[],[],0.0,,False,6.0,0.0,25.0,,Amar'e Stoudemire,,,,,,,[],,,,,Amar'e Stoudemire,2010-2011,espn,outlet
0,30779004554321921,30779004554321921,1296173261000.0,2011-01-28 00:07:41,+0000,,"RT @NBA: It's official.. #AllStar #Starters for the East: Derrick Rose, Dwyane Wade, LeBron James, Amar'e Stoudemire, Dwight Howard",en,"['allstar', 'starters']",[],74182706.0,74182706,TurnerSportsPR,TurnerSportsPR,5.0,00,https://twitter.com/TurnerSportsPR/status/30779004554321921,[],[],0.0,,False,0.0,0.0,0.0,,Amar'e Stoudemire,,,,,,,[],,,,,Amar'e Stoudemire,2010-2011,TurnerSportsPR,outlet
1,30778352495230976,30778352495230976,1296173105000.0,2011-01-28 00:05:05,+0000,,"The All-Star East Starters: DWade, DRose, Dwight Howard,  LeBron James,  Amar'e Stoudemire #nbaontnt #All-Star '11",en,"['nbaontnt', 'all']",[],74182706.0,74182706,TurnerSportsPR,TurnerSportsPR,5.0,00,https://twitter.com/TurnerSportsPR/status/30778352495230976,[],[],0.0,,False,0.0,0.0,2.0,,Amar'e Stoudemire,,,,,,,[],,,,,Amar'e Stoudemire,2010-2011,TurnerSportsPR,outlet
0,44768267037966337,44768267037966337,1299508561000.0,2011-03-07 14:36:01,+0000,,What did Amar'e Stoudemire and Carmelo Anthony have to say about the emotional Miami Heat?  http://bit.ly/KnicksHeat #NoCryingInBasketball,en,['nocryinginbasketball'],[],14885860.0,14885860,CBSSports,CBS Sports,1.0,14,https://twitter.com/CBSSports/status/44768267037966337,[],[],0.0,,False,1.0,0.0,6.0,,Amar'e Stoudemire,,,,,,,[],,,,,Amar'e Stoudemire,2010-2011,CBSSports,outlet
1,36571437229674496,36571437229674496,1297554284000.0,2011-02-12 23:44:44,+0000,,Amar'e Stoudemire will miss tonight's game -  http://bit.ly/Amareout,en,[],[],14885860.0,14885860,CBSSports,CBS Sports,6.0,23,https://twitter.com/CBSSports/status/36571437229674496,[],[],0.0,,False,0.0,0.0,2.0,,Amar'e Stoudemire,,,,,,,[],,,,,Amar'e Stoudemire,2010-2011,CBSSports,outlet
2,34338283626434560,34338283626434560,1297021859000.0,2011-02-06 19:50:59,+0000,,Payback: Amar'e Stoudemire drops 41 to knock off the surging Sixers -  http://bit.ly/NYKPhi,en,[],[],14885860.0,14885860,CBSSports,CBS Sports,7.0,19,https://twitter.com/CBSSports/status/34338283626434560,[],[],0.0,,False,0.0,0.0,2.0,,Amar'e Stoudemire,,,,,,,[],,,,,Amar'e Stoudemire,2010-2011,CBSSports,outlet
3,31418079846076416,31418079846076416,1296325628000.0,2011-01-29 18:27:08,+0000,,Amar'e Stoudemire (sprained knee) questionable for Sunday's game vs. Pistons -  http://bit.ly/AmareQ,en,[],[],14885860.0,14885860,CBSSports,CBS Sports,6.0,18,https://twitter.com/CBSSports/status/31418079846076416,[],[],0.0,,False,0.0,0.0,3.0,,Amar'e Stoudemire,,,,,,,[],,,,,Amar'e Stoudemire,2010-2011,CBSSports,outlet
4,30681091559923712,30681091559923712,1296149916000.0,2011-01-27 17:38:36,+0000,,"""Nobody's afraid of the Miami Heat,"" - Amar'e Stoudemire:  http://bit.ly/AmareHeat",en,[],[],14885860.0,14885860,CBSSports,CBS Sports,4.0,17,https://twitter.com/CBSSports/status/30681091559923712,[],[],0.0,,False,0.0,0.0,2.0,,Amar'e Stoudemire,,,,,,,[],,,,,Amar'e Stoudemire,2010-2011,CBSSports,outlet
5,27412792394915840,27412792394915840,1295370693000.0,2011-01-18 17:11:33,+0000,,LeBron to Carmelo: You better team up with Amar'e Stoudemire -  http://bit.ly/BrontoMelo,en,[],[],14885860.0,14885860,CBSSports,CBS Sports,2.0,17,https://twitter.com/CBSSports/status/27412792394915840,[],[],0.0,,False,0.0,0.0,2.0,,Amar'e Stoudemire,,,,,,,[],,,,,Amar'e Stoudemire,2010-2011,CBSSports,outlet
6,25727116238651392,25727116238651392,1294968797000.0,2011-01-14 01:33:17,+0000,,Amar'e Stoudemire visits the @Late_Show with David Letterman tonight #onCBS - here's a @CBSSportsNBA blog preview:  http://bit.ly/AmareClip,en,['oncbs'],[],14885860.0,14885860,CBSSports,CBS Sports,5.0,01,https://twitter.com/CBSSports/status/25727116238651392,[],[],0.0,,False,0.0,0.0,3.0,,Amar'e Stoudemire,,,,,,,[],,,,,Amar'e Stoudemire,2010-2011,CBSSports,outlet
7,25623208367489024,25623208367489024,1294944023000.0,2011-01-13 18:40:23,+0000,,Derrick Rose and Amar'e Stoudemire move up in the All-Star voting -  http://bit.ly/AllStarVoting,en,[],[],14885860.0,14885860,CBSSports,CBS Sports,4.0,18,https://twitter.com/CBSSports/status/25623208367489024,[],[],0.0,,False,0.0,0.0,1.0,,Amar'e Stoudemire,,,,,,,[],,,,,Amar'e Stoudemire,2010-2011,CBSSports,outlet
8,25213121752731648,25213121752731648,1294846251000.0,2011-01-12 15:30:51,+0000,,Amar'e Stoudemire might be tampering with the Nuggets -  http://bit.ly/AmareTampering,en,[],[],14885860.0,14885860,CBSSports,CBS Sports,3.0,15,https://twitter.com/CBSSports/status/25213121752731648,[],[],0.0,,False,0.0,0.0,1.0,,Amar'e Stoudemire,,,,,,,[],,,,,Amar'e Stoudemire,2010-2011,CBSSports,outlet
9,19934208239603712,19934208239603712,1293587660000.0,2010-12-29 01:54:20,+0000,,"Apparently, the Miami Heat wanted Amar'e Stoudemire this summer. Would he have been a better fit than Chris Bosh? -  http://bit.ly/AmareBosh",en,[],[],14885860.0,14885860,CBSSports,CBS Sports,3.0,01,https://twitter.com/CBSSports/status/19934208239603712,[],[],0.0,,False,0.0,0.0,2.0,,Amar'e Stoudemire,,,,,,,[],,,,,Amar'e Stoudemire,2010-2011,CBSSports,outlet
10,14427428587839488,14427428587839488,1292274741000.0,2010-12-13 21:12:21,+0000,,No suspension for Amar'e Stoudemire -  http://bit.ly/gzRaRp,en,[],[],14885860.0,14885860,CBSSports,CBS Sports,1.0,21,https://twitter.com/CBSSports/status/14427428587839488,[],[],0.0,,False,0.0,0.0,1.0,,Amar'e Stoudemire,,,,,,,[],,,,,Amar'e Stoudemire,2010-2011,CBSSports,outlet
11,5249977588654080,5249977588654080,1290086666000.0,2010-11-18 13:24:26,+0000,,"Greg Oden joins Amar'e Stoudemire, Kenyon Martin in exclusive microfracture surgery company  http://bit.ly/ccRWJC",en,[],[],14885860.0,14885860,CBSSports,CBS Sports,4.0,13,https://twitter.com/CBSSports/status/5249977588654080,[],[],0.0,,False,0.0,0.0,1.0,,Amar'e Stoudemire,,,,,,,[],,,,,Amar'e Stoudemire,2010-2011,CBSSports,outlet
12,29284128713,29284128713,1288537052000.0,2010-10-31 14:57:32,+0000,,"In case you missed it, Knicks forward Amar'e Stoudemire on @late_show  http://bit.ly/aCX1LA #nba",en,['nba'],[],14885860.0,14885860,CBSSports,CBS Sports,7.0,14,https://twitter.com/CBSSports/status/29284128713,[],[],0.0,,False,1.0,0.0,0.0,,Amar'e Stoudemire,,,,,,,[],,,,,Amar'e Stoudemire,2010-2011,CBSSports,outlet
0,39486858694103041,39486858694103041,1298249375000.0,2011-02-21 00:49:35,+0000,,4.5 Million Votes Cast via NBA Mobile for the 2011 Sprite Slam Dunk Final with Blake Griffin and JaVale McGee #AllStar,en,['allstar'],[],74182706.0,74182706,TurnerSportsPR,TurnerSportsPR,1.0,00,https://twitter.com/TurnerSportsPR/status/39486858694103041,[],[],0.0,,False,0.0,0.0,0.0,,Blake Griffin,,,,,,,[],,,,,Blake Griffin,2010-2011,TurnerSportsPR,outlet
1,39453832006205441,39453832006205441,1298241501000.0,2011-02-20 22:38:21,+0000,,Blake Griffin and Kobe Bryant #AllStar  http://twitpic.com/420ai7,en,['allstar'],[],74182706.0,74182706,TurnerSportsPR,TurnerSportsPR,7.0,22,https://twitter.com/TurnerSportsPR/status/39453832006205441,[],[],0.0,,False,0.0,0.0,0.0,,Blake Griffin,,,,,,,[],,,,,Blake Griffin,2010-2011,TurnerSportsPR,outlet
2,39382814180917248,39382814180917248,1298224569000.0,2011-02-20 17:56:09,+0000,,Video clip: Blake Griffin's winning dunk for the 2011 Sprite Slam Dunk  http://bit.ly/hXJlLu #AllStar,en,['allstar'],[],74182706.0,74182706,TurnerSportsPR,TurnerSportsPR,7.0,17,https://twitter.com/TurnerSportsPR/status/39382814180917248,[],[],0.0,,False,0.0,0.0,0.0,,Blake Griffin,,,,,,,[],,,,,Blake Griffin,2010-2011,TurnerSportsPR,outlet
3,39174944730513408,39174944730513408,1298175009000.0,2011-02-20 04:10:09,+0000,,Blake Griffin wins the 2011 Sprite Slam Dunk contest #AllStar,en,['allstar'],[],74182706.0,74182706,TurnerSportsPR,TurnerSportsPR,7.0,04,https://twitter.com/TurnerSportsPR/status/39174944730513408,[],[],0.0,,False,0.0,0.0,1.0,,Blake Griffin,,,,,,,[],,,,,Blake Griffin,2010-2011,TurnerSportsPR,outlet
4,39172837847732224,39172837847732224,1298174506000.0,2011-02-20 04:01:46,+0000,,Blake Griffin just jumped over a car ladies and gentlemen..an actual car #AllStar,en,['allstar'],[],74182706.0,74182706,TurnerSportsPR,TurnerSportsPR,7.0,04,https://twitter.com/TurnerSportsPR/status/39172837847732224,[],[],0.0,,False,0.0,0.0,0.0,,Blake Griffin,,,,,,,[],,,,,Blake Griffin,2010-2011,TurnerSportsPR,outlet
5,39165183578480641,39165183578480641,1298172682000.0,2011-02-20 03:31:22,+0000,,"""That's a good second place dunk""- Barkley on Blake Griffin's 360 dunk #AllStar",en,['allstar'],[],74182706.0,74182706,TurnerSportsPR,TurnerSportsPR,7.0,03,https://twitter.com/TurnerSportsPR/status/39165183578480641,[],[],0.0,,False,0.0,0.0,1.0,,Blake Griffin,,,,,,,[],,,,,Blake Griffin,2010-2011,TurnerSportsPR,outlet
6,38704031266390016,38704031266390016,1298062734000.0,2011-02-18 20:58:54,+0000,,"VIDEO CLIP: Kenny Smith, C-Webb & Cheryl Miller preview the Dunk Contest w/ Blake Griffin  http://bit.ly/hDCNrB Watch #NBA #AllStar on #TNT.",en,"['nba', 'allstar', 'tnt']",[],74182706.0,74182706,TurnerSportsPR,TurnerSportsPR,5.0,20,https://twitter.com/TurnerSportsPR/status/38704031266390016,[],[],0.0,,False,0.0,0.0,0.0,,Blake Griffin,,,,,,,[],,,,,Blake Griffin,2010-2011,TurnerSportsPR,outlet
7,38367097973252096,38367097973252096,1297982403000.0,2011-02-17 22:40:03,+0000,,Countdown to #AllStar: NBA.com fan poll predicts Blake Griffin will win the Dunk Contest. Are they right? Watch #TNT Sat nite to find out.,en,"['allstar', 'tnt']",[],74182706.0,74182706,TurnerSportsPR,TurnerSportsPR,4.0,22,https://twitter.com/TurnerSportsPR/status/38367097973252096,[],[],0.0,,False,0.0,0.0,0.0,,Blake Griffin,,,,,,,[],,,,,Blake Griffin,2010-2011,TurnerSportsPR,outlet
8,35818068403814400,35818068403814400,1297374667000.0,2011-02-10 21:51:07,+0000,,VIDEO CLIP: Dwight Howard offers dunk contest advice to Blake Griffin & hints at a return to the competition  http://bit.ly/evQv0w #AllStar,en,['allstar'],[],74182706.0,74182706,TurnerSportsPR,TurnerSportsPR,4.0,21,https://twitter.com/TurnerSportsPR/status/35818068403814400,[],[],0.0,,False,1.0,0.0,5.0,,Blake Griffin,,,,,,,[],,,,,Blake Griffin,2010-2011,TurnerSportsPR,outlet
9,30783667123003393,30783667123003393,1296174372000.0,2011-01-28 00:26:12,+0000,,"Barkley had Lamarcus Aldridge and Monta Ellis, Blake Griffin, among others on his All-Star starters reserve list. #nbaontnt #all-star '11",en,"['nbaontnt', 'all']",[],74182706.0,74182706,TurnerSportsPR,TurnerSportsPR,5.0,00,https://twitter.com/TurnerSportsPR/status/30783667123003393,[],[],0.0,,False,0.0,0.0,2.0,,Blake Griffin,,,,,,,[],,,,,Blake Griffin,2010-2011,TurnerSportsPR,outlet
10,28297905118904321,28297905118904321,1295581720000.0,2011-01-21 03:48:40,+0000,,#Bulls beat the #Mavs 82-77. Blake Griffin and the #Clippers vs #Blazers are underway in Portland on TNT. #NBAonTNT,en,"['bulls', 'mavs', 'clippers', 'blazers', 'nbaontnt']",[],74182706.0,74182706,TurnerSportsPR,TurnerSportsPR,5.0,03,https://twitter.com/TurnerSportsPR/status/28297905118904321,[],[],0.0,,False,0.0,0.0,0.0,,Blake Griffin,,,,,,,[],,,,,Blake Griffin,2010-2011,TurnerSportsPR,outlet
11,22790883065733120,22790883065733120,1294268744000.0,2011-01-05 23:05:44,+0000,,"Blake Griffin to join TNT's Matt Winer, Charles Barkley and his ""dunk coach"" Kenny Smith via satellite tomorrow at 8pm (ET). #NBAonTNT",en,['nbaontnt'],[],74182706.0,74182706,TurnerSportsPR,TurnerSportsPR,3.0,23,https://twitter.com/TurnerSportsPR/status/22790883065733120,[],[],0.0,,False,0.0,0.0,1.0,,Blake Griffin,,,,,,,[],,,,,Blake Griffin,2010-2011,TurnerSportsPR,outlet
12,7478785150558208,7478785150558208,1290618055000.0,2010-11-24 17:00:55,+0000,,@ArtGarcia_NBA looks back on some great rooks on not-so-great teams. Blake Griffin can relate:  http://on.nba.com/gXgQn6,en,[],[],74182706.0,74182706,TurnerSportsPR,TurnerSportsPR,3.0,17,https://twitter.com/TurnerSportsPR/status/7478785150558208,[],[],0.0,,False,0.0,0.0,0.0,,Blake Griffin,,,,,,,[],,,,,Blake Griffin,2010-2011,TurnerSportsPR,outlet
0,25357632923500544,25357632923500544,1294880705000.0,2011-01-13 01:05:05,+0000,,Blake Griffin defends LeBron  http://bit.ly/g9Ll6p,en,[],[],16877611.0,16877611,FOXSports,FOX Sports,4.0,01,https://twitter.com/FOXSports/status/25357632923500544,[],[],0.0,,False,1.0,0.0,1.0,,Blake Griffin,,,,,,,[],,,,,Blake Griffin,2010-2011,FOXSports,outlet
0,39731083725508609,39731083725508609,1298307603000.0,2011-02-21 17:00:03,+0000,,Hot Clicks: Ingrid Vandebosch; Blake Griffin grabs all-star spotlight  http://bit.ly/iijAjO /via @JimmyTraina,en,[],[],28370738.0,28370738,SInow,Sports Illustrated,1.0,17,https://twitter.com/SInow/status/39731083725508609,[],[],0.0,,False,0.0,0.0,0.0,,Blake Griffin,,,,,,,[],,,,,Blake Griffin,2010-2011,SInow,outlet
1,38734507234426880,38734507234426880,1298070000000.0,2011-02-18 23:00:00,+0000,,Hot Clicks: Teresa Palmer: Every Blake Griffin dunk this season  http://bit.ly/ijDDc6 /via @JimmyTraina,en,[],[],28370738.0,28370738,SInow,Sports Illustrated,5.0,23,https://twitter.com/SInow/status/38734507234426880,[],[],0.0,,False,7.0,0.0,3.0,,Blake Griffin,,,,,,,[],,,,,Blake Griffin,2010-2011,SInow,outlet
2,33213126656659456,33213126656659456,1296753601000.0,2011-02-03 17:20:01,+0000,,Photos: Blake Griffin: Dunk Machine  http://bit.ly/iiCCiE /via @si_photos,de,[],[],28370738.0,28370738,SInow,Sports Illustrated,4.0,17,https://twitter.com/SInow/status/33213126656659456,[],[],0.0,,False,2.0,0.0,1.0,,Blake Griffin,,,,,,,[],,,,,Blake Griffin,2010-2011,SInow,outlet
3,32639346276311042,32639346276311042,1296616801000.0,2011-02-02 03:20:01,+0000,,Is Blake Griffin already one of the best rookies in NBA history?  http://on.fb.me/hFKObN #Clippers #LA @LAClippers,en,"['clippers', 'la']",[],28370738.0,28370738,SInow,Sports Illustrated,3.0,03,https://twitter.com/SInow/status/32639346276311042,[],[],0.0,,False,1.0,0.0,5.0,,Blake Griffin,,,,,,,[],,,,,Blake Griffin,2010-2011,SInow,outlet
4,25965387824762880,25965387824762880,1295025605000.0,2011-01-14 17:20:05,+0000,,Photos: Blake Griffin: Dunk Machine  http://bit.ly/iiCCiE /via @si_photos,de,[],[],28370738.0,28370738,SInow,Sports Illustrated,5.0,17,https://twitter.com/SInow/status/25965387824762880,[],[],0.0,,False,2.0,0.0,2.0,,Blake Griffin,,,,,,,[],,,,,Blake Griffin,2010-2011,SInow,outlet
5,23514263364571137,23514263364571137,1294441211000.0,2011-01-07 23:00:11,+0000,,"Our favorite PM Snapshot: Blake Griffin's under-the-rim efforts created ""Lean To""  http://bit.ly/hgSrFB #NBA @laclippers @denvernuggets",en,['nba'],[],28370738.0,28370738,SInow,Sports Illustrated,5.0,23,https://twitter.com/SInow/status/23514263364571137,[],[],0.0,,False,0.0,0.0,2.0,,Blake Griffin,,,,,,,[],,,,,Blake Griffin,2010-2011,SInow,outlet
6,7106123706404866,7106123706404866,1290529206000.0,2010-11-23 16:20:06,+0000,,Hot Clicks: Hilary Duff-Mike Comrie; Blake Griffin dunks  http://bit.ly/hSPAMo /via @JimmyTraina,en,[],[],28370738.0,28370738,SInow,Sports Illustrated,2.0,16,https://twitter.com/SInow/status/7106123706404866,[],[],0.0,,False,3.0,0.0,1.0,,Blake Griffin,,,,,,,[],,,,,Blake Griffin,2010-2011,SInow,outlet
0,49831102038282240,49831102038282240,1300715635000.0,2011-03-21 13:53:55,+0000,,Coach calls Blake Griffin's dunk the best he has seen in 23 years. Watch it  http://ow.ly/4iEMb,en,[],[],7302282.0,7302282,YahooSports,Yahoo Sports,1.0,13,https://twitter.com/YahooSports/status/49831102038282240,[],[],0.0,,False,5.0,0.0,6.0,,Blake Griffin,,,,,,,[],,,,,Blake Griffin,2010-2011,YahooSports,outlet
1,45889859629481984,45889859629481984,1299775969000.0,2011-03-10 16:52:49,+0000,,NBA star Blake Griffin's comical football video to promote NFL draft prospect  http://ow.ly/4bMTu,en,[],[],7302282.0,7302282,YahooSports,Yahoo Sports,4.0,16,https://twitter.com/YahooSports/status/45889859629481984,[],[],0.0,,False,0.0,0.0,1.0,,Blake Griffin,,,,,,,[],,,,,Blake Griffin,2010-2011,YahooSports,outlet
2,38342860440866816,38342860440866816,1297976624000.0,2011-02-17 21:03:44,+0000,,Incredibly sad news for NBA star Blake Griffin after game  http://ow.ly/3Yyzk,en,[],[],7302282.0,7302282,YahooSports,Yahoo Sports,4.0,21,https://twitter.com/YahooSports/status/38342860440866816,[],[],0.0,,False,2.0,0.0,1.0,,Blake Griffin,,,,,,,[],,,,,Blake Griffin,2010-2011,YahooSports,outlet
3,38248130101116928,38248130101116928,1297954039000.0,2011-02-17 14:47:19,+0000,,Video: Blake Griffin jumps so high he hits his head on backboard  http://ow.ly/3YfST,en,[],[],7302282.0,7302282,YahooSports,Yahoo Sports,4.0,14,https://twitter.com/YahooSports/status/38248130101116928,[],[],0.0,,False,0.0,0.0,2.0,,Blake Griffin,,,,,,,[],,,,,Blake Griffin,2010-2011,YahooSports,outlet
4,12923188543492096,12923188543492096,1291916102000.0,2010-12-09 17:35:02,+0000,,Column: Clippers star Blake Griffin tortured by LA's better half  http://ow.ly/3mCNW,en,[],[],7302282.0,7302282,YahooSports,Yahoo Sports,4.0,17,https://twitter.com/YahooSports/status/12923188543492096,[],[],0.0,,False,0.0,0.0,2.0,,Blake Griffin,,,,,,,[],,,,,Blake Griffin,2010-2011,YahooSports,outlet
0,37935723256627200,37935723256627200,1297879555000.0,2011-02-16 18:05:55,+0000,,This week's issue look at the #NBA's top teams & feat. @Lakers Kobe Bryant & @Celtics Rajon Rondo:  http://twitpic.com/40hf1c,en,['nba'],[],28370738.0,28370738,SInow,Sports Illustrated,3.0,18,https://twitter.com/SInow/status/37935723256627200,[],[],0.0,,False,0.0,0.0,2.0,,Rajon Rondo,,,,,,,[],,,,,Rajon Rondo,2010-2011,SInow,outlet
0,52536040828833792,52536040828833792,1301360542000.0,2011-03-29 01:02:22,+0000,,"San Antonio Spurs add Tony Parker, Manu Ginobili to Tim Duncan injury -  http://es.pn/hKOtce",in,[],[],2557521.0,2557521,espn,ESPN,2.0,01,https://twitter.com/espn/status/52536040828833792,[],[],0.0,,False,6.0,0.0,70.0,,Tony Parker,,,,,,,[],,,,,Tony Parker,2010-2011,espn,outlet
1,42343149179371520,42343149179371520,1298930368000.0,2011-02-28 21:59:28,+0000,,Tony Parker of San Antonio Spurs out 2-4 weeks with strained calf -  http://es.pn/eE5VEk,en,[],[],2557521.0,2557521,espn,ESPN,1.0,21,https://twitter.com/espn/status/42343149179371520,[],[],0.0,,False,6.0,0.0,60.0,,Tony Parker,,,,,,,[],,,,,Tony Parker,2010-2011,espn,outlet
2,38372167003406336,38372167003406336,1297983612000.0,2011-02-17 23:00:12,+0000,,"Derrick Rose, Tony Parker, Jason Kidd, & Steve Nash all play tonight. In other words, the @NBA is hosting a Point Guard Clinic.",en,[],[],2557521.0,2557521,espn,ESPN,4.0,23,https://twitter.com/espn/status/38372167003406336,[],[],0.0,,False,13.0,0.0,175.0,,Tony Parker,,,,,,,[],,,,,Tony Parker,2010-2011,espn,outlet
3,4959119215689728,4959119215689728,1290017320000.0,2010-11-17 18:08:40,+0000,,Eva Longoria files for divorce from Tony Parker -  http://es.pn/bhXhdq,en,[],[],2557521.0,2557521,espn,ESPN,3.0,18,https://twitter.com/espn/status/4959119215689728,[],[],0.0,,False,11.0,0.0,237.0,,Tony Parker,,,,,,,[],,,,,Tony Parker,2010-2011,espn,outlet
4,29202631377,29202631377,1288459343000.0,2010-10-30 17:22:23,+0000,,San Antonio Spurs lock in guard Tony Parker with multiyear extension -  http://es.pn/acq4uT,en,[],[],2557521.0,2557521,espn,ESPN,6.0,17,https://twitter.com/espn/status/29202631377,[],[],0.0,,False,4.0,0.0,43.0,,Tony Parker,,,,,,,[],,,,,Tony Parker,2010-2011,espn,outlet
0,7504736068575232,7504736068575232,1290624243000.0,2010-11-24 18:44:03,+0000,,Tony Parker for MVP? (Insider):  http://insider.espn.go.com/nba/insider/news/story?id=5845807,en,[],[],74518740.0,74518740,ESPNNBA,NBA on ESPN,3.0,18,https://twitter.com/ESPNNBA/status/7504736068575232,[],[],0.0,,False,0.0,0.0,1.0,,Tony Parker,,,,,,,[],,,,,Tony Parker,2010-2011,ESPNNBA,outlet
1,1691781498413057,1691781498413057,1289238326000.0,2010-11-08 17:45:26,+0000,,"Ric Bucher joins Ryen Russillo on the NBA Today podcast to talk Melo, Tony Parker rumors and the surprising Hornets:  http://es.pn/cNa8R1",en,[],[],74518740.0,74518740,ESPNNBA,NBA on ESPN,1.0,17,https://twitter.com/ESPNNBA/status/1691781498413057,[],[],0.0,,False,1.0,0.0,0.0,,Tony Parker,,,,,,,[],,,,,Tony Parker,2010-2011,ESPNNBA,outlet
0,42336499378823168,42336499378823168,1298928782000.0,2011-02-28 21:33:02,+0000,,Tony Parker will miss the next 2-4 weeks with a strained soleus -  http://bit.ly/ParkerOut,en,[],[],14885860.0,14885860,CBSSports,CBS Sports,1.0,21,https://twitter.com/CBSSports/status/42336499378823168,[],[],0.0,,False,0.0,0.0,1.0,,Tony Parker,,,,,,,[],,,,,Tony Parker,2010-2011,CBSSports,outlet
1,4988188716179456,4988188716179456,1290024251000.0,2010-11-17 20:04:11,+0000,,"Tony Parker, Eva Longoria split up -  http://bit.ly/cKCKpi",en,[],[],14885860.0,14885860,CBSSports,CBS Sports,3.0,20,https://twitter.com/CBSSports/status/4988188716179456,[],[],0.0,,False,0.0,0.0,0.0,,Tony Parker,,,,,,,[],,,,,Tony Parker,2010-2011,CBSSports,outlet
0,5004138324692992,5004138324692992,1290028054000.0,2010-11-17 21:07:34,+0000,,This looks like a fun evening with friends:  http://twitpic.com/37pnxk/full #TonyParker,en,['tonyparker'],[],890891.0,890891,BleacherReport,Bleacher Report,3.0,21,https://twitter.com/BleacherReport/status/5004138324692992,[],[],0.0,,False,0.0,0.0,2.0,,Tony Parker,,,,,,,[],,,,,Tony Parker,2010-2011,BleacherReport,outlet
0,5022396276801537,5022396276801537,1290032407000.0,2010-11-17 22:20:07,+0000,,Hot Clicks: Belen Rodriguez; Eva Longoria-Tony Parker divorce  http://bit.ly/94IroR /via @JimmyTraina,es,[],[],28370738.0,28370738,SInow,Sports Illustrated,3.0,22,https://twitter.com/SInow/status/5022396276801537,[],[],0.0,,False,0.0,0.0,0.0,,Tony Parker,,,,,,,[],,,,,Tony Parker,2010-2011,SInow,outlet
0,44570920383283200,44570920383283200,1299461510000.0,2011-03-07 01:31:50,+0000,,"Chris Paul injures neck, taken off the court on a stretcher -  http://bit.ly/PaulNeck",en,[],[],14885860.0,14885860,CBSSports,CBS Sports,1.0,01,https://twitter.com/CBSSports/status/44570920383283200,[],[],0.0,,False,0.0,0.0,8.0,,Chris Paul,,,,,,,[],,,,,Chris Paul,2010-2011,CBSSports,outlet
1,43313962275700736,43313962275700736,1299161827000.0,2011-03-03 14:17:07,+0000,,"Despite struggles, Chris Paul denies there's something wrong his knee -  http://bit.ly/PaulKnee",en,[],[],14885860.0,14885860,CBSSports,CBS Sports,4.0,14,https://twitter.com/CBSSports/status/43313962275700736,[],[],0.0,,False,0.0,0.0,0.0,,Chris Paul,,,,,,,[],,,,,Chris Paul,2010-2011,CBSSports,outlet
2,41166138754875392,41166138754875392,1298649746000.0,2011-02-25 16:02:26,+0000,,VIDEO: @Hornets superstar Chris Paul (@oneandonlycp3) sits down with @KBerg_CBS for an exclusive interview -  http://bit.ly/ChrisPaulVideo,en,[],[],14885860.0,14885860,CBSSports,CBS Sports,5.0,16,https://twitter.com/CBSSports/status/41166138754875392,[],[],0.0,,False,1.0,0.0,11.0,,Chris Paul,,,,,,,[],,,,,Chris Paul,2010-2011,CBSSports,outlet
3,40467780943876096,40467780943876096,1298483245000.0,2011-02-23 17:47:25,+0000,,"Chris Paul calls Deron Williams trade ""Epic Fail""  http://bit.ly/PaulFail",en,[],[],14885860.0,14885860,CBSSports,CBS Sports,3.0,17,https://twitter.com/CBSSports/status/40467780943876096,[],[],0.0,,False,1.0,0.0,7.0,,Chris Paul,,,,,,,[],,,,,Chris Paul,2010-2011,CBSSports,outlet
4,36165443584524288,36165443584524288,1297457488000.0,2011-02-11 20:51:28,+0000,,Chris Paul fined $15K for verbally abusing a referee during Wednesday's loss -  http://bit.ly/CP3referee,en,[],[],14885860.0,14885860,CBSSports,CBS Sports,5.0,20,https://twitter.com/CBSSports/status/36165443584524288,[],[],0.0,,False,0.0,0.0,1.0,,Chris Paul,,,,,,,[],,,,,Chris Paul,2010-2011,CBSSports,outlet
5,1036778186211328,1036778186211328,1289082161000.0,2010-11-06 22:22:41,+0000,,This roster could fill up quickly: 2008 gold medalists Chris Paul and Carmelo Anthony want to play in London Olympics -  http://bit.ly/cBPYOU,en,[],[],14885860.0,14885860,CBSSports,CBS Sports,6.0,22,https://twitter.com/CBSSports/status/1036778186211328,[],[],0.0,,False,0.0,0.0,0.0,,Chris Paul,,,,,,,[],,,,,Chris Paul,2010-2011,CBSSports,outlet
6,26008287625,26008287625,1285875004000.0,2010-09-30 19:30:04,+0000,,Did Chris Paul reach out to Carmelo Anthony?  http://bit.ly/dCFDfT #Melodrama #Nuggets #Hornets #NBA,en,"['melodrama', 'nuggets', 'hornets', 'nba']",[],14885860.0,14885860,CBSSports,CBS Sports,4.0,19,https://twitter.com/CBSSports/status/26008287625,[],[],0.0,,False,0.0,0.0,0.0,,Chris Paul,,,,,,,[],,,,,Chris Paul,2010-2011,CBSSports,outlet
0,44604629006290945,44604629006290945,1299469546000.0,2011-03-07 03:45:46,+0000,,Video of Chris Paul injury  http://bit.ly/eMOBMh,en,[],[],16877611.0,16877611,FOXSports,FOX Sports,1.0,03,https://twitter.com/FOXSports/status/44604629006290945,[],[],0.0,,False,0.0,0.0,1.0,,Chris Paul,,,,,,,[],,,,,Chris Paul,2010-2011,FOXSports,outlet
1,23692556554469376,23692556554469376,1294483720000.0,2011-01-08 10:48:40,+0000,,Chris Paul would look good in purple and gold  http://bit.ly/i9zgKI,en,[],[],16877611.0,16877611,FOXSports,FOX Sports,6.0,10,https://twitter.com/FOXSports/status/23692556554469376,[],[],0.0,,False,0.0,0.0,2.0,,Chris Paul,,,,,,,[],,,,,Chris Paul,2010-2011,FOXSports,outlet
